listing_id,proxy_mean,proxy_std,review_count,mabs_mean,mover_mean,munder_mean,rating_mean,delta_S01,delta_S02,delta_S03,delta_S04,delta_S05,delta_S06,delta_S07,delta_S08,delta_S09,delta_S10,over_ratio,under_ratio
2992450,-0.019240990504084902,0.037254805932085196,7,0.11037170328571423,0.02952835699999993,0.08084334628571424,3.56,-0.12958959999999992,-0.017120612857142885,-0.07949702857142858,0.04093483428571428,-0.03084569428571424,-0.044807958571428545,-0.11934667857142854,-0.047848901428571386,-0.02213593285714293,-0.06289231999999992,0.42857142857142855,0.5714285714285714
3820211,0.0016953566658528645,0.037707949628665895,217,0.10855465029953912,0.05172534881566816,0.05682930148387091,4.75,-0.09221632179723498,0.05390199898617505,-0.12870980271889396,0.06663449456221195,-0.01937058829493085,-0.000774866129032211,-0.03709223124423963,-0.14110172276497693,0.00801066668202767,0.23967884603686632,0.5345622119815668,0.46543778801843316
5651579,0.016488900761884678,0.042659867262605525,175,0.0907846077428571,0.052240468954285635,0.03854413878857142,4.52,0.021028972685714267,0.0696615777142857,-0.03525220594285717,0.08264368205714283,0.006015776228571437,0.06005619057142852,0.012782011542857132,-0.047897310342857165,-0.001517528228571445,-0.03055786462857142,0.6114285714285714,0.38857142857142857
6623339,0.004628156934388894,0.03814160073674925,210,0.10210926320476185,0.051446602890476145,0.05066266031428566,4.73,-0.08298790299999996,0.058349160571428506,-0.09283640609523805,0.07037124780952378,-0.02174885447619045,-0.006202446333333284,-0.03197552280952381,-0.10642027995238092,0.004217966285714312,0.2170724637619047,0.5238095238095238,0.47619047619047616
9005989,0.02486445015671333,0.03822893402970399,330,0.10593794064545452,0.05710970871818181,0.04882823192727265,4.79,-0.1010520775454545,0.05066702272727272,-0.06190322439393934,0.09802959642424237,-0.010058537575757576,0.20650693551515154,-0.056839852424242374,-0.08583090966666664,0.07798529924242423,-0.03468948439393934,0.7454545454545455,0.2545454545454545
9501054,-0.06280370965066978,0.04461692071195277,194,0.09642861141288657,0.0509299876860824,0.04549862372680411,4.57,-0.07024055144329898,0.03500430325257729,-0.10173203762886596,0.05895306396907209,-0.0033758814432989347,-0.011932035463917556,0.16248509463917524,-0.00927269211340207,-0.013142611546391786,0.007566987371133972,0.04639175257731959,0.9536082474226805
10768745,-0.008485059263160304,0.042914920828718665,401,0.09503660362593515,0.03639202330174562,0.058644580324189496,4.83,-0.054984260648379066,-0.06696466446384036,-0.07920001905236905,-0.042134251271820446,-0.005857860673316655,-0.028947450024937652,0.19631910563591023,-0.05492217573566088,-0.05061874072319202,-0.03521525326683289,0.3865336658354115,0.6134663341645885
11253948,0.009683074881496476,0.034221700154230206,125,0.12015023147999998,0.06410775390399998,0.056042477575999984,4.96,-0.14783220752,-0.05584216295999999,-0.04487958944,-0.06724921631999999,-0.006479702719999971,0.18514918951999998,0.0032910820799999666,0.01733751031999995,-0.053523034559999946,0.25068089488,0.6,0.4
11639446,0.12731349092056257,0.033355102019631606,137,0.07299111551824815,0.018647094540145966,0.054344020978102155,4.81,-0.052158044598540156,-0.06380887875912407,-0.01965605350364958,-0.05203779321167879,0.016436740291970838,-0.04630198043795617,-0.09690833846715327,-0.03973112102189782,-0.021992603357664255,0.019188808686131372,1.0,0.0
13083497,0.010402426339531463,0.033600837629493154,113,0.09369068351327431,0.03454018538053096,0.05915049813274332,4.67,0.15160120796460178,-0.03938549371681411,-0.10546263212389376,-0.04597050168141587,-0.023937719911504413,-0.022002804424778755,-0.017798666991150465,-0.08537869920353983,-0.011193866460176961,-0.046573950973451295,0.584070796460177,0.415929203539823
14316232,-0.0032915310132672856,0.0372499019699479,29,0.08671842937931029,0.032164473793103415,0.054553955586206834,4.69,-0.08856297689655164,0.006107126551724169,-0.03634717344827585,0.0598798037931034,-0.010392883793103446,0.061876288275862085,-0.10948564965517235,0.007590457241379331,-0.09251030793103442,-0.022049502068965547,0.5172413793103449,0.4827586206896552
14989805,-0.07879141218099116,0.039676638366306693,79,0.154164467856962,0.09877137884430379,0.05539308901265819,4.96,-0.15498290088607594,0.13257992556962023,-0.18306874481012653,0.17792969683544302,0.004435450468354474,0.23109424848101268,-0.0004951943037974772,-0.08641509531645569,0.00827174582278481,0.30443376645569614,0.0,1.0
15580397,0.027128235378122277,0.02521893521847295,25,0.08237455415999996,0.014441947399999978,0.06793260675999996,4.69,-0.05599192439999998,-0.10490012279999998,-0.11513051839999995,-0.07808586959999995,0.025294774400000018,-0.059758999599999946,-0.020975307600000045,-0.12502495200000005,0.0010808580000000356,-0.0014145316000000086,0.84,0.16
16531782,0.024930391684635296,0.04122376712412348,230,0.09195112100434778,0.01972427076521735,0.0722268502391304,4.77,-0.08416215943478253,-0.08441316169565213,-0.05264403082608698,-0.11018792878260868,-0.0057540838695651995,0.012060146565217422,-0.0018583677826087312,-0.062071961173913094,-0.10322563199999997,-0.032768615739130424,0.7391304347826086,0.2608695652173913
17238066,0.06672632796414901,0.045088147704403274,51,0.09949570043999999,0.03172276722431371,0.06777293321568625,4.92,0.08654200392156863,-0.0004371301960784059,-0.1370206233333333,-0.012744886666666705,-0.04015067607843133,0.02398195235294115,-0.15224182764705882,-0.08734253313725489,-0.00862279980392157,-0.032465139325490174,0.9215686274509803,0.0784313725490196
17514620,-0.052119857433392994,0.03453402273493598,30,0.0854584287333333,0.026163681766666644,0.05929474696666663,4.75,-0.06292959633333331,-0.10293749099999996,-0.16620267966666666,-0.01623090866666669,0.0010946846666666933,0.04954878933333329,0.08554714399999996,-0.07883047133333328,-0.032586867666666686,-0.007783255333333282,0.03333333333333333,0.9666666666666667
18341426,-0.034651421971831936,0.031888918340896716,33,0.11121725306060601,0.06691917575757571,0.04429807730303027,4.97,-0.11751592515151517,0.05463433757575758,-0.07247149545454544,0.08595179575757575,-0.0036680593939394357,0.21483640060606057,0.09271546969696966,-0.014043771818181809,-0.00848411969696976,-0.005743647575757524,0.15151515151515152,0.8484848484848485
19527043,0.04720461047180332,0.038692687293062154,62,0.0954174729677419,0.059954096048387064,0.03546337691935482,4.97,-0.008042043870967772,-0.036308605322580664,-0.029434466451612896,-0.01943170290322582,0.08688271709677418,0.05046654596774187,0.16870585225806445,-0.015989748548387084,0.015126787258064519,0.032931855806451596,0.8870967741935484,0.11290322580645161
20519885,0.004577866041584468,0.036882265058195925,86,0.11254802897674415,0.0063024125465115845,0.10624561643023255,4.94,-0.07350373790697672,-0.16841354116279064,-0.1571457623255814,-0.12114815534883713,-0.012687276511627937,-0.036175023255813975,-0.0797318746511628,-0.17995666918604653,-0.09085762999999997,-0.07981236848837203,0.6162790697674418,0.38372093023255816
20620135,-0.030346112531388914,0.04252072586943856,51,0.10174984247058819,0.05214177835294114,0.04960806411764702,4.95,-0.09035842254901964,0.044716469607843076,-0.08829874372549014,0.07096411196078434,0.009008839411764715,0.18611838823529406,-0.0284409919607843,-0.03374366117647059,-0.016131746470588234,-0.0284971009803921,0.19607843137254902,0.803921568627451
20633175,-0.015798779375143675,0.04293131944261914,94,0.1008032632659574,0.0655932871276595,0.03520997613829784,4.91,0.07853410617021274,-0.015173696170212816,-0.07770486957446805,0.052732255851063795,0.01567784819148935,0.09260850670212757,0.09463769861702119,-0.026920356595744634,0.03917249351063825,0.05026912319148936,0.3829787234042553,0.6170212765957447
20671966,0.04645518212274961,0.04422186272102576,27,0.09741269992592591,0.02697079529629629,0.07044190462962958,4.92,-0.04156230296296294,-0.15341555888888891,-0.10074512740740733,-0.09489144259259256,-0.010933710370370333,-0.02532700740740735,0.039242859259259216,-0.09226975148148149,0.060183483333333336,-0.014992534814814764,0.8518518518518519,0.14814814814814814
21052414,0.019637901269686495,0.026823166331256105,31,0.07688076283870963,0.022961527225806397,0.053919235612903196,4.79,-0.08887764193548388,-0.08165488129032263,-0.08475844612903222,-0.06069748935483874,0.007823984193548315,-0.01819351838709673,0.039622168064516135,-0.018359929677419302,-0.002707218709677458,-0.0017741106451612707,0.8064516129032258,0.1935483870967742
21392315,0.05911203634062942,0.03492804541994063,70,0.10333687337142855,0.02610803327142854,0.07722884009999999,4.85,-0.11385469999999999,-0.09170182885714281,-0.13258157257142855,-0.08408231614285717,-0.014762810142857082,-0.0646549561428571,-0.04764750700000003,-0.09383097585714287,0.17033035042857142,-0.03842175199999998,0.9428571428571428,0.05714285714285714
21449583,-0.04091521673004206,0.027747655969771863,5,0.10722124279999998,0.014211955799999981,0.09300928699999997,5.0,-0.11525289799999991,-0.13742574999999999,-0.24473350600000005,-0.04341038000000004,-0.004874899999999981,0.01754897200000004,-0.050238263999999956,-0.18332875999999998,-0.010371997999999976,-0.01588582800000004,0.0,1.0
21769213,0.0368854089336869,0.03773613705969557,19,0.09123732815789469,0.03753854552631573,0.05369878263157892,4.76,-0.0649709252631579,-0.09699751947368423,-0.025934929473684174,-0.07940644421052637,0.01588714473684203,-0.029538710526315744,0.08539210421052632,0.015595325789473745,0.012055583157894685,0.006315999999999995,0.8421052631578947,0.15789473684210525
21769439,0.02556644671288731,0.04297314180135422,16,0.09226951481249998,0.029294277812499957,0.06297523699999999,4.78,-0.09085729750000003,-0.10663138375000003,-0.042270647499999967,-0.08094338937500002,-0.006042199375000049,-0.05238232312499994,0.06017642687500002,0.0012484962500000727,-0.00903318937500003,-0.010074084999999974,0.6875,0.3125
22398196,0.00295079557897718,0.034809602300473884,70,0.0886193748428571,0.022653969671428537,0.06596540517142852,4.92,-0.14419436728571428,-0.11281822157142854,-0.0393093767142857,-0.0779426111428571,-0.009570549285714268,-0.008039458571428583,-0.01610012085714284,0.026799122142857092,-0.040630264428571365,-0.011308507285714251,0.5142857142857142,0.4857142857142857
25549565,0.06224765171868519,0.040581625327782374,498,0.12266005920080318,0.03886806735742971,0.08379199184337344,4.9,-0.01717194251004012,-0.10149787092369475,-0.09434637102409633,-0.08374277094377512,-0.06063005381526099,-0.15842741359437745,0.21185318763052208,-0.11973010311244976,0.06658140991967872,-0.09212731648594374,0.9397590361445783,0.060240963855421686
28341274,0.03455588756883317,0.03155645082916308,69,0.11175281037681155,0.0719027177971014,0.0398500925797101,4.94,-0.06932640637681153,0.15744405811594195,-0.0836992994202898,0.19470266492753616,0.01585990246376816,0.1825927779710145,0.03597036782608694,-0.09954846202898551,-0.026364904782608736,0.0128955534782609,0.8840579710144928,0.11594202898550725
28400263,0.03907390123657786,0.031416993269121604,162,0.08946042393209874,0.01880553264814813,0.07065489128395057,4.96,-0.10390507858024696,-0.0789324024691358,-0.09331946629629624,-0.03177026734567903,0.028745427592592604,0.03062419444444439,-0.16109696487654315,-0.07331862820987649,-0.041274802037037005,0.0057544014197531265,0.9012345679012346,0.09876543209876543
28722270,-0.01609073375473286,0.04348144132729087,371,0.08732468777628029,0.03976940114555255,0.0475552866307277,4.8,-0.05086241528301881,0.021298541752021605,-0.05154292250673859,0.05429088541778978,0.03136805274932616,0.015950619784366557,-0.08547538466307274,0.0008921211051212949,-0.0036631002695417542,-0.010115252938005335,0.3450134770889488,0.6549865229110512
28868857,-0.02565426537883984,0.039861554692561085,285,0.0902152306947368,0.04003812298596487,0.05017710770877191,4.72,-0.07234853438596492,0.02938493957894738,-0.04195865336842104,0.06442135607017543,0.01299790722807013,0.02497718445614034,-0.12462822249122806,0.03373350277192981,-0.025651056877193015,-0.002318270210526285,0.22807017543859648,0.7719298245614035
28929840,0.02528402614123941,0.016320720473715453,8,0.07040041762499993,0.02323434849999995,0.04716606912499994,5.0,-0.06578070500000004,-0.04691703249999993,-0.10453231749999997,0.004599803750000011,-0.0008481087499999998,-0.016717931250000012,0.10020004499999995,-0.02733040624999994,-0.03972983124999995,-0.0422607225,1.0,0.0
29605579,0.0024764191935197537,0.037828811779973506,60,0.1036302768833333,0.05795858236666663,0.045671694516666646,4.679999999999999,-0.10008726933333337,0.07999042116666664,-0.0710131861666667,0.09139629483333332,-0.017441715666666673,0.021044621333333298,-0.024085101499999994,-0.0796847255,-0.0055643288333332925,0.22831386816666666,0.48333333333333334,0.5166666666666667
30189794,0.17238668916294367,0.038617745628017904,40,0.207763066925,0.04718191372499999,0.16058115319999997,4.95,-0.060586434499999973,-0.31208201449999995,0.10550093000000002,-0.31778684575,-0.23943405774999998,-0.27260224725,0.12903438225,0.12276279374999999,-0.04446758824999996,-0.24433131274999997,1.0,0.0
32279028,0.013347587576550376,0.03149222650895184,109,0.09352169788990823,0.025819765844036675,0.06770193204587154,4.96,-0.14519786385321098,-0.10306746174311925,-0.11400838871559636,-0.042557896880733886,0.02355685495412844,0.0076955032110092095,0.07098394027522933,-0.05864544229357798,-0.08246946871559634,0.024888561743119285,0.6055045871559633,0.3944954128440367
32993402,-0.04288974794063964,0.04124879162654994,190,0.09286485124736839,0.03144181674736838,0.06142303449999997,4.68,-0.06514856094736836,-0.012935258684210482,-0.0802145021578947,0.038022904000000024,-0.005350773263157925,-0.02137973389473687,-0.10319899157894735,0.0062978764210525826,-0.01766515968421057,-0.03823997773684209,0.13157894736842105,0.868421052631579
33558235,-0.032872134277327124,0.03949902973992297,231,0.09097147188744585,0.022902781679653653,0.06806869020779216,4.75,-0.09216108017316016,-0.061682433246753224,-0.09991923588744586,0.011100803679653704,-0.02135703129870129,-0.05057101649350644,-0.07448226311688308,-0.022637410303030334,0.0003886677056277165,-0.0403380861471861,0.21212121212121213,0.7878787878787878
34330970,-0.010149864471144361,0.035193915185707914,159,0.11418400651572326,0.054725979018867915,0.05945802749685531,4.75,-0.09521723943396226,-0.019394798867924484,-0.11444562402515727,0.03345774044025153,-0.019544142012578567,0.03268496490566039,-0.10379556647798739,-0.06152040490566034,0.016380364088050298,0.28407422150943396,0.3836477987421384,0.6163522012578616
35793179,0.03239775214619234,0.031580212387493076,99,0.09482427753535351,0.023859299202020172,0.07096497833333328,4.99,-0.10502909747474744,-0.04994553808080802,-0.05144132676767673,0.005511990707070743,0.021703207070707005,0.0412166890909091,-0.24958432161616156,0.011076974747474728,-0.07422433787878786,-0.02034103111111112,0.8686868686868687,0.13131313131313133
35914565,-0.030567575800238483,0.0404360795330203,163,0.10552921456441712,0.042824241466257656,0.06270497309815942,4.8,-0.08022110343558278,0.09058865300613497,-0.13584100306748462,0.16264495558282205,-0.017848812944785224,-0.05409950999999995,-0.05615027233128828,-0.14323581828220858,-0.010700069079754564,0.0460556642331288,0.2147239263803681,0.7852760736196319
36443605,-0.01740655334836326,0.036493876987473896,37,0.11313915370270267,0.06649194851351344,0.04664720518918919,4.8,-0.05681630702702707,0.06258707567567566,-0.11890110135135136,0.07126109162162157,-0.012072629459459477,0.21173736729729722,0.09055942783783776,-0.10571745432432432,-0.010894877837837854,0.06670484081081081,0.2702702702702703,0.7297297297297297
38321579,0.047154880868598446,0.04086667254517942,182,0.10789728970329668,0.02814152819780218,0.07975576150549447,4.98,-0.09552914494505489,-0.07764165703296699,-0.22713593236263735,-0.056741485384615355,0.01936834368131871,-0.013286074890109892,-0.10169510175824172,-0.10050654972527472,0.15886595093406589,-0.02184068159340658,0.8846153846153846,0.11538461538461539
39093517,0.022636916420597196,0.028678587646546613,32,0.09154399056249997,0.03184751559374999,0.05969647496874992,4.77,-0.030371955937499973,-0.07874791781249994,-0.027307219999999983,-0.06455728062499999,0.021941585937500042,-0.029274251875000015,-0.026597367499999948,-0.03233051249999997,-0.012060360000000015,0.0008156865625000284,0.84375,0.15625
39698576,-0.06896026128483275,0.0294816093122375,18,0.10386840761111107,0.04686131427777775,0.057007093333333286,4.46,-0.08761824499999993,0.08671538333333331,-0.18354463166666662,0.1082934261111111,0.017150315555555518,0.019321950555555516,0.128448585,-0.14210105444444443,0.0028007933333332726,-0.05092431333333332,0.0,1.0
40828178,-0.028459964958510452,0.03439227379855783,105,0.1211459129238095,0.03530359679999994,0.08584231612380949,4.99,0.14406806790476187,-0.1606564401904762,-0.18242160628571424,-0.13123067685714285,-0.03575165304761899,-0.06701965676190476,0.13516480695238092,-0.09997829161904757,-0.04741238247619045,-0.06014936085714279,0.1619047619047619,0.8380952380952381
41319631,-0.07855875297053784,0.01239351624130202,3,0.10272043166666663,0.05706036833333327,0.0456600633333333,5.0,-0.007089743333333266,0.08766655333333329,-0.19612401000000004,0.10368574333333332,0.03618127666666657,0.028891266666666634,0.1029005033333333,-0.06645326000000006,-0.0172402166666667,0.041584936666666704,0.0,1.0
42009788,0.006227627599968553,0.0532750648166701,13,0.10556697923076919,0.030358029461538403,0.07520894976923076,4.76,-0.07956033076923075,0.007961027692307658,-0.1409302430769231,0.0672736246153846,0.004189808461538415,-0.025555841538461507,-0.062487869230769204,-0.1641948084615384,-0.015489095384615405,-0.039715475384615354,0.6153846153846154,0.38461538461538464
42391372,0.0009715416081251677,0.11201785560415382,6,0.1722643966666666,0.1201096606666666,0.05215473599999996,3.9599999999999995,0.037901073333333375,0.09698237500000007,-0.06713541333333328,0.15851457333333327,0.08385460849999993,0.11235793999999992,0.08018459166666661,0.025147268166666736,0.08341788666666666,0.06832434333333337,0.16666666666666666,0.8333333333333334
42763847,0.0032131024420457488,0.031464654253896746,80,0.10948189256249996,0.0032726446249999714,0.10620924793749997,4.78,-0.08565807549999993,-0.14654789437499993,-0.162899245875,-0.11680088824999994,-0.024747301124999968,-0.04692791662499999,-0.13605205625,-0.17117656737499998,-0.08005410124999998,-0.058501986500000006,0.5625,0.4375
43208391,-0.08825999396336669,0.038471562345455346,70,0.09370956535714282,0.031851776385714285,0.061857788971428476,4.83,-0.14954962257142856,0.07445787357142856,-0.13179557628571423,0.09508960971428575,-0.009495765428571362,-0.02936426328571423,-0.025862749428571405,-0.052135177999999935,-0.0430104621428571,-0.02839399199999994,0.0,1.0
43459803,-0.01279789124659062,0.043823707182406337,14,0.094554731,0.04570013657142854,0.048854594428571395,4.96,-0.10444034999999997,0.047187360000000025,-0.039319898571428556,0.05444802142857145,0.014547663571428572,0.12746627499999996,-0.0768092185714286,-0.01769285142857144,-0.015856139285714266,-0.02107544071428576,0.35714285714285715,0.6428571428571429
43736299,-0.04273286080978739,0.039921979730291816,55,0.11248566319999997,0.050762835072727254,0.06172282812727267,4.85,-0.1260313712727272,0.10737013290909087,-0.16067173490909092,0.14711276618181818,-0.011919348545454525,-0.0509039285454545,0.09774961036363634,-0.14721079272727267,0.01138284818181818,0.02352188781818183,0.16363636363636364,0.8363636363636363
43955950,-0.005533602271788411,0.03818386507325493,66,0.10427961349999994,0.044840807166666635,0.059438806333333254,4.91,-0.18173820515151512,0.10083843287878783,-0.051950296969696955,0.19429574560606053,-0.006470497121212067,-0.008402744696969642,-0.01880640909090912,-0.09600969393939389,-0.04869355166666659,-0.029042771515151465,0.42424242424242425,0.5757575757575758
44180048,-0.04153872526286241,0.03719785580400756,248,0.0954239991008064,0.018646143943548348,0.07677785515725802,4.97,-0.13940815794354836,-0.06734333802419348,-0.12632372834677413,-0.034958856491935454,-0.009099414758064538,0.03371830024193543,-0.06970000346774195,-0.07400875858870966,-0.0737186544758064,-0.020474500282258005,0.14516129032258066,0.8548387096774194
44265426,-0.0008501181080291953,0.036324188036075955,210,0.09883873639999997,0.01568848439047614,0.0831502520095238,4.99,-0.13956433280952382,-0.12713823400000004,-0.09574910423809528,-0.09736736809523813,-0.007252412380952385,-0.03697214504761903,-0.045569181761904755,-0.0713579298571428,-0.055154987761904764,0.0015080197619047751,0.5142857142857142,0.4857142857142857
45074220,-0.05544380381271964,0.05250007386302722,27,0.10987089903703699,0.05271470851851846,0.057156190518518495,4.67,-0.0835785796296296,0.11901837000000001,-0.09938216185185186,0.14539342962962956,0.009339129259259227,-0.01976781703703708,-0.048308963703703654,-0.05109434740740736,-0.010014923703703731,-0.006018955555555567,0.07407407407407407,0.9259259259259259
45313545,0.024493370628568604,0.03870396536753864,97,0.10008870212371132,0.06841172337113399,0.03167697875257728,4.72,0.19659773628865984,-0.019951112577319564,-0.03863651453608243,0.023377504639175244,0.007695915979381384,0.029626679484536036,0.08467688773195878,-0.023119715257731956,0.08064861453608244,0.02643144989690721,0.6907216494845361,0.30927835051546393
45528939,-0.040917866779894355,0.04272477422866997,54,0.10633460324074072,0.07377599101851845,0.0325586122222222,4.61,-0.12425106722222218,0.08323336962962959,0.006239653703703643,0.10333529388888883,0.026568533703703694,0.13147089240740734,0.12751025574074074,0.04605129074074075,-0.027695943888888932,0.0397115092592592,0.16666666666666666,0.8333333333333334
45529316,-0.06066015333293099,0.04024152826840898,72,0.10863097263888884,0.05134202197222215,0.05728895066666665,4.79,-0.1308755613888889,0.08898899222222215,-0.11650994402777776,0.12315746902777772,0.006214649027777817,0.11352897083333326,-0.08340027722222215,-0.08730761458333336,-0.05720933874999997,0.08394336791666666,0.041666666666666664,0.9583333333333334
45529447,-0.015081319359360634,0.0552284723069382,75,0.10064468039999999,0.0384892645333333,0.06215541586666665,4.63,-0.08624888039999999,0.0653880390666667,-0.10460064040000001,0.07870947240000004,0.007393887199999962,-0.0904192493333333,-0.003923186800000005,-0.11961104439999999,-0.017331696800000015,0.033981786133333344,0.3333333333333333,0.6666666666666666
46894493,0.011951488363239587,0.04399534047123815,185,0.10976519157783782,0.04794641446972969,0.061818777108108104,4.99,0.09088490891891889,-0.13510012238378377,-0.0928607813513514,-0.11507625837837836,-0.0017834610270270272,0.0624635374054054,0.17911144983783783,-0.0779645215135135,-0.04427403891891897,-0.004124338972972925,0.6270270270270271,0.372972972972973
47345872,0.013072816942111666,0.044634020408430196,47,0.11230425226595737,0.06551498492553187,0.046789267340425475,4.63,-0.07006780787234039,0.09603189265957442,-0.0704898108510638,0.10281538617021274,-0.016957535319148908,0.017861417021276638,-0.01953372382978724,-0.09602188936170208,0.020462873191489372,0.22315637404255315,0.6170212765957447,0.3829787234042553
47440071,0.07860630273879744,0.03541742627440142,137,0.11840020313138681,0.06211674352554739,0.05628345960583937,4.95,-0.12574331408759123,0.16020322766423353,-0.0969761661313868,0.20990069664233568,0.003909264087591194,-0.001419405766423389,-0.08771538999999992,-0.1233214249635036,0.14542797394160584,-0.025932622189781034,0.9854014598540146,0.014598540145985401
47828453,-0.04824733982638417,0.05847000647572007,17,0.1440965644117647,0.04571075276470586,0.09838581164705879,4.54,0.11050103176470591,-0.06775501176470593,-0.1284684588235294,-0.05390247176470585,-0.04566726411764703,-0.12213892411764705,0.01674669588235297,-0.08083546176470587,-0.07881842235294115,-0.07641230176470583,0.058823529411764705,0.9411764705882353
47902629,0.0010417701914019256,0.04198810677968515,8,0.09961825024999996,0.009864219499999976,0.08975403074999995,5.0,-0.021517733749999948,-0.14208376499999997,-0.13246182625,-0.12419615624999991,-0.03345786874999999,-0.06188683374999999,-0.10656146249999995,-0.09440882875000002,-0.06501684999999997,-0.017306787499999962,0.625,0.375
47943571,-0.06592003737261644,0.03763606230456528,93,0.09699257258064513,0.02875020998924728,0.06824236259139782,4.86,-0.09625975849462366,0.02225442430107528,-0.14823170279569892,0.08035545064516125,-0.0025348772043010323,-0.0792372786021505,0.04423683978494627,-0.12383340268817208,-0.0343904439784946,-0.05728077698924731,0.03225806451612903,0.967741935483871
48052353,-0.018067241537097913,0.036321579553113346,91,0.11600678786813183,0.00632486112087908,0.10968192674725273,4.79,-0.12500156021978018,-0.17444104692307688,-0.17777920296703295,-0.13732223263736262,-0.027112991868131854,-0.02201598736263739,-0.10063894604395603,-0.1570775817582417,-0.05801251637362636,-0.05416859010989007,0.3076923076923077,0.6923076923076923
48124042,-0.06814945337784273,0.037539400222902405,131,0.0934163662290076,0.03188038799999996,0.061535978229007596,4.89,-0.09912127541984736,0.06372295664122134,-0.14590996717557247,0.11597394114503815,0.0018939663358778344,-0.06779178221374044,0.01780875641221377,-0.11083810587786255,-0.015053359083969486,-0.05724103305343505,0.04580152671755725,0.9541984732824428
48172884,0.01480531911616816,0.05109350402910273,49,0.09993950269387754,0.06480120553061224,0.03513829716326525,4.93,0.18073772897959184,0.03958208163265305,-0.05499208122448982,0.051309696122449025,0.003194084489795942,0.04997208204081629,0.10276853428571434,-0.05010620408163262,-0.002501600612244881,-0.023335237959183682,0.673469387755102,0.32653061224489793
48470454,-0.009013433648535287,0.03860371061451631,34,0.09697352785294114,0.03753757364705873,0.059435954205882345,4.94,-0.09650783235294112,-0.007321532352941201,-0.11606184029411762,0.04901704411764701,-0.0216003517647059,0.04786651323529404,0.1578096752941176,-0.1434792332352941,-0.03479395823529414,-0.05391228999999996,0.4117647058823529,0.5882352941176471
48599533,-0.03230246932084845,0.046065582553877944,62,0.09773727198387094,0.051315121209677406,0.0464221507741935,4.68,-0.0367091730645161,-0.03613666145161284,-0.03470883225806453,0.022591487903225797,-0.01154303709677416,-0.03815841290322577,0.21971909032258063,0.0015022295161290513,-0.015294314999999966,-0.022332671612903244,0.22580645161290322,0.7741935483870968
50088935,0.012582441076557834,0.009493363978768037,3,0.07393638466666663,0.0258035763333333,0.04813280833333333,5.0,-0.07837038333333327,-0.021719196666666715,-0.15379658,0.0279511933333333,-0.0036024266666667324,0.1017369,0.06225951666666666,-0.14855626,0.0403089,-0.04950398333333323,1.0,0.0
50171851,-0.02714748159242115,0.04722200213220654,147,0.10193724193401357,0.03847410864149653,0.06346313329251699,4.99,-0.12201900129251698,0.08513761136054417,-0.10083782680272113,0.14381464510204076,-0.018117664081632644,-0.048892861292516944,0.018405146122448986,-0.10561726782312929,-0.04866565277551022,-0.05309737502721089,0.29931972789115646,0.7006802721088435
50207226,0.027761234278334712,0.058699067210650366,60,0.10438167350333331,0.03705797915333329,0.06732369434999999,4.7,-0.05254588000000004,-0.0828351245,-0.08336606375,-0.05821564898333335,0.023266157266666684,-0.016841059000000012,-0.044550851666666655,-0.07363221466666671,0.04661134266666666,0.03945219066666664,0.7166666666666667,0.2833333333333333
50211226,-0.007287446936769122,0.04001266277605965,126,0.10056802251587299,0.016586780023809502,0.08398124249206346,4.97,-0.07986017317460323,-0.14090114063492065,-0.12256588126984122,-0.09823071063492066,-0.012467084920634868,-0.009787963809523797,-0.025730564761904738,-0.0839187002380952,-0.05727158873015871,-0.04321081650793647,0.3888888888888889,0.6111111111111112
50354540,0.03658653175811729,0.0737166547751499,8,0.13375467112499995,0.08592004849999993,0.04783462262499997,4.45,0.09823151749999999,0.11278964125000004,-0.10471458250000001,0.11032852999999997,0.05371242999999992,0.013252899999999977,0.010850445000000049,-0.11734528500000005,0.10601533374999995,0.09773332874999993,0.875,0.125
50890336,0.02480038724706207,0.04272903156236171,27,0.08474180155555552,0.048398127074074,0.03634367448148148,4.63,-0.043322877037037084,0.09040857037037034,-0.02331739259259265,0.09028603259259252,0.03449745666666661,-0.0018730262962963417,-0.006345978888888871,-0.04497648999999995,0.021119963333333307,0.0040682677777777974,0.7777777777777778,0.2222222222222222
51230498,-0.005652678252250882,0.04079638498033317,139,0.09062654484172657,0.03666044664028774,0.0539660982014388,4.73,-0.1319857274100719,-0.01674593949640285,0.005623382014388502,0.062030198633093454,0.0069805956834532315,-0.016644925107913666,0.00666631244604318,0.023581260000000034,-0.07743214258992806,-0.03512952978417261,0.460431654676259,0.539568345323741
51461480,0.015544511656729123,0.04058248099855826,21,0.10975152579047616,0.036548628933333285,0.07320289685714282,4.93,-0.060249803333333365,-0.02388581666666668,-0.10633951095238099,-0.049976331904761855,-0.053451744761904715,0.012665126190476196,0.10360851285714281,-0.0829647423809524,-0.027024326666666636,-0.07892404161904755,0.7619047619047619,0.23809523809523808
51503537,0.04470554059306417,0.04146693910183156,8,0.11552804374999993,0.07548207149999998,0.040045972249999964,3.8,0.04544645375000001,0.08446264625000005,0.017895109999999933,0.05719092624999998,-0.00674972874999995,0.07374158124999995,0.019874702500000025,0.03199777999999996,0.018971176250000017,0.011530344999999963,0.875,0.125
51579900,0.004510300363257988,0.03994371767722586,50,0.09943977685999995,0.04950002529999993,0.049939751559999974,4.74,-0.09376285640000004,0.05263671059999995,-0.06784338979999997,0.08053042019999998,0.03619221059999991,0.03074393939999994,-0.009632746799999961,-0.07021674839999997,0.035155273999999945,0.0017999239999999938,0.62,0.38
51592836,-0.013552532428860746,0.03500235813985894,58,0.0879305962068965,0.03504221963793101,0.052888376568965445,4.77,-0.02369971551724138,-0.03500738534482753,-0.1016820017241379,-0.032297717931034434,-0.008561881724137877,0.03286723896551716,0.1373334303448276,-0.08906292293103449,-0.020475219482758572,-0.03787539396551724,0.3793103448275862,0.6206896551724138
52241973,-0.0076867431029158636,0.03739017787458583,213,0.09833875752582155,0.04096803228638494,0.0573707252394366,4.909999999999999,-0.1186648134741784,0.047768815305164296,-0.10052735718309858,0.09120171145539904,-0.002289393755868503,-0.09043353140845067,0.07026532938967137,-0.094086503943662,0.03882336084507036,-0.006084546760563391,0.4225352112676056,0.5774647887323944
52360097,-0.022235250965743095,0.03487177766908891,41,0.09333345912195118,0.05292468941463413,0.040408769707317015,4.63,-0.02022436463414631,-0.022963043170731643,-0.021480989756097597,0.028390899268292667,-0.009158790243902407,-0.026244949999999975,0.22243571317073166,-0.0053669082926829,-0.0002816029268292502,-0.019946766341463425,0.2682926829268293,0.7317073170731707
52619545,-0.048632355043403755,0.052609595354441055,68,0.15796787383823527,0.01146078439705879,0.14650708944117646,4.84,-0.18683634749999997,-0.09426878676470592,-0.2015892738235294,-0.06602457632352939,-0.12291218279411761,0.009178551176470585,-0.24081712602941174,-0.16220210867647056,-0.14791413352941174,-0.13707706617647053,0.11764705882352941,0.8823529411764706
52836323,0.027182791268696445,0.04909619832346347,45,0.11451613417777773,0.05203620255555547,0.0624799316222222,4.85,-0.11496747422222219,0.09765541288888882,-0.1385276153333333,0.114368614,-0.015726129111111115,0.11774560533333328,-0.03039207288888888,-0.16837563777777778,0.04727916044444438,-0.013497154000000035,0.6666666666666666,0.3333333333333333
52837196,0.03528265136286133,0.03894998124475081,42,0.09237263771428568,0.026304399547619022,0.06606823816666663,4.67,0.010879547857142891,-0.11525136761904763,-0.07173886357142857,-0.12391208738095234,-0.02875594928571424,-0.05068824047619042,0.04115582595238092,-0.0607134788095238,0.03635079238095237,-0.03496456523809523,0.8095238095238095,0.19047619047619047
52863776,-0.0002861274971187647,0.03231181169492395,155,0.0936527150580645,0.01732563647741931,0.07632707858064515,4.98,-0.1180151957419355,-0.12245448258064519,-0.0805700206451613,-0.08703428658064515,-0.005685369419354795,-0.027284160709677454,-0.04386446967741935,-0.048033807225806496,-0.05434947922580639,-0.002723149225806402,0.4967741935483871,0.5032258064516129
53312101,-0.058865483073282175,0.04149240771003015,41,0.09608340009512191,0.032608550217073144,0.0634748498780487,4.77,-0.060600123902438977,-0.04639150112195123,-0.11506090024390238,0.07383406731707311,0.004365109756097592,-0.052349636585365844,-0.0756276814634146,-0.02267079012195121,0.005933022682926866,-0.020094562926829235,0.07317073170731707,0.926829268292683
53483727,-0.04222532460145432,0.03467659567971654,95,0.09902782606315788,0.010128834315789426,0.08889899174736843,4.92,-0.11608119589473685,-0.0706035636842105,-0.1808532724210526,-0.03786054936842101,-0.00240251989473682,-0.02357851768421057,-0.10167912115789476,-0.1315442517894737,-0.06551585147368424,-0.057582730947368356,0.11578947368421053,0.8842105263157894
53567589,-0.018242047637860883,0.04540838894379042,178,0.12934952301123592,0.04715129337640449,0.08219822963483144,4.88,-0.1906797502808988,0.08469558955056178,-0.1186069760112359,0.10269670769662921,-0.07528306213483145,0.18104608443820225,-0.16449041393258423,-0.08519750528089891,-0.025063786966292117,-0.05958624966292133,0.33146067415730335,0.6685393258426966
53645427,0.014137200226730267,0.04938165959294155,70,0.1046391218342857,0.03610035747714278,0.06853876435714286,4.6,-0.10009898937142855,-0.09091040714285714,-0.08455693642857146,-0.06113829971428574,-0.0012411688571428684,-0.025612510714285698,-0.02075122371428575,-0.05023148600000005,0.04706352099999998,0.06309343214285709,0.6285714285714286,0.37142857142857144
53860077,0.014043641353034654,0.03599727024047326,22,0.09881821695454539,0.010891247772727273,0.0879269691818181,4.98,-0.05415616318181815,-0.1164661813636363,-0.15154609954545453,-0.06121835636363633,0.0008030445454545912,-0.05154365227272722,-0.044064229090909075,-0.16658222545454537,-0.03869925090909085,-0.08688410045454542,0.6363636363636364,0.36363636363636365
54126420,-0.001612113738744594,0.04167822611452704,52,0.10542468930769228,0.0278007204230769,0.07762396888461535,4.76,-0.05220914173076919,-0.12079967096153843,-0.15691318192307688,-0.07005469,-0.036836945961538456,-0.051236211730769234,0.14528693288461536,-0.13593032096153848,-0.0043721255769230616,-0.015167128653846118,0.40384615384615385,0.5961538461538461
54126421,0.008050729629105226,0.03245441879446421,37,0.11279556305405401,0.015125377243243239,0.09767018581081076,4.9,-0.09788962054054053,-0.1455426837837838,-0.20842149999999995,-0.12276608378378372,-0.014586118378378346,-0.024563711891891885,-0.05288512810810805,-0.19223865270270268,0.031523109729729756,0.0019223037837838102,0.6216216216216216,0.3783783783783784
54128829,0.017178651886018453,0.036736306360868276,170,0.15159174134470585,0.013295876721176412,0.13829586462352939,4.98,-0.06077022147058821,-0.25389638152941174,-0.25578626011764705,-0.2082306090235294,-0.06976070788235292,-0.1088453628823529,-0.07710922400000003,-0.22996693535294113,0.015304938176470545,-0.0009391149411764701,0.6705882352941176,0.32941176470588235
54150131,0.0070985042159602794,0.03333955921229214,151,0.09562420428476817,0.02151969162913906,0.07410451265562908,4.98,-0.10471337768211915,0.0477883521192053,-0.14586711602649005,0.015069923178807933,-0.014135881390728482,-0.0048449884768211535,-0.024804447218542986,-0.17325756298013237,-0.06441782629139069,-0.05666528549668873,0.5695364238410596,0.4304635761589404
588298411730694861,-0.03319395351202144,0.02669650123854562,11,0.0930043879090909,0.038311479181818174,0.05469290872727268,5.0,-0.0868016854545454,0.01552667909090909,-0.13423887636363632,0.020829390000000045,-0.0483436636363636,0.047835940909090956,-0.02683624363636369,-0.08734011636363638,-0.0014559000000000453,0.13701018,0.09090909090909091,0.9090909090909091
593272120497643087,0.1899935972760206,0.04480745809141612,82,0.11419534474390243,0.05299923974390239,0.061196104999999994,4.97,0.08210865146341458,-0.06049455475609758,0.004328734146341428,-0.07316453682926827,-0.09289796036585365,-0.08214883182926824,0.07394260621951217,0.015601254390243905,0.16963750695121949,-0.11888152195121947,1.0,0.0
617242073954595468,-0.014974171083384483,0.037731190626041924,141,0.1153553954680851,0.03962856812765954,0.07572682734042552,4.89,-0.16917829617021274,0.0614329835460993,-0.12080109262411345,0.0844386795035461,-0.0701003529787234,0.144030999716312,-0.12195801801418438,-0.09870075014184394,-0.009334229716312108,-0.06081251524822693,0.36879432624113473,0.6312056737588653
619695112394148331,-0.04640710000271856,0.04352565306946543,10,0.10151729359999999,0.02050412339999997,0.08101317019999996,5.0,-0.1269944829999999,-0.02694911599999996,-0.17343163299999995,-0.015799178999999962,-0.06613409499999995,-0.01332038899999996,-0.12251367800000004,-0.13001677200000003,-0.029793332,0.099862209,0.2,0.8
621960198566758900,0.02855482530381445,0.04655176756425858,10,0.09671133269999996,0.02389473269999998,0.07281659999999994,4.94,-0.02920987399999997,-0.07231157599999997,-0.13189618199999997,-0.032817456000000036,-0.003647515000000031,-0.0013064790000000207,-0.03559545500000001,-0.11426631899999998,-0.03685629800000001,-0.031311518999999996,0.7,0.3
628163387057233327,0.02415084057202945,0.03916055805891209,39,0.09671557553846152,0.02326139156410249,0.07345418397435897,4.75,-0.055474156666666725,-0.12512908923076924,-0.12632402307692303,-0.10223113307692303,0.012265015384615422,-0.015371603076923118,-0.04914215948717953,-0.0843154853846154,0.0333724002564102,0.01042231025641026,0.717948717948718,0.28205128205128205
631035244220396236,-0.034438772071062176,0.04015365085700619,27,0.11324227892592587,0.06874492414814808,0.04449735477777774,4.56,-0.09624541703703703,0.12137010666666666,-0.09479876148148143,0.13714524111111107,0.008868449259259274,0.09013120074074067,0.099836454074074,-0.079423147037037,0.017972625555555493,0.037618941851851814,0.2222222222222222,0.7777777777777778
634108143238179968,0.007754162128990533,0.03761213961244134,76,0.10069233542105258,0.036990319355263125,0.0637020160657894,4.97,-0.15424004355263157,-0.03820347710526312,-0.07258616342105259,0.008855224210526345,-0.018551449210526306,0.13201982592105255,-0.026065847105263114,-0.03680433921052626,-0.019514126578947348,-0.0420265710526315,0.5394736842105263,0.4605263157894737
658638185191740358,0.033144242854595996,0.0380087716449998,3,0.07092602833333327,0.0056882116666666,0.06523781666666667,5.0,0.006239693333333333,-0.004498643333333332,-0.17989585,-0.0031188,0.0017291799999999333,-0.030879599999999934,-0.1253672033333332,-0.23115568333333333,-0.051795406666666634,0.023246263333333298,1.0,0.0
668608096674070882,0.009820763927459964,0.03468779707155582,82,0.12895612736585363,0.033445214999999986,0.09551091236585364,4.97,-0.13703050280487802,0.12068286121951217,-0.22951112487804876,0.12207974951219512,-0.032803342804878004,-0.019255994390243916,-0.2328692557317073,-0.2014669896341463,0.007872353902439079,-0.01835472804878052,0.5975609756097561,0.4024390243902439
668608486588067880,0.07752697008370096,0.04019191964026456,74,0.1599516041189189,0.01440286952432431,0.14554873459459458,4.94,-0.08476024918918915,-0.20575145729729724,-0.24304647437837834,-0.17979817267567566,-0.05846610162162155,-0.11500642540540539,-0.11894340864864864,-0.25458658945945944,0.04910610432432432,-0.10020587635135131,1.0,0.0
677623197606854496,-0.057830794582808286,0.03675727227305749,21,0.12273015514285712,0.07115507833333332,0.05157507680952378,4.86,-0.03667525857142859,0.10651055333333337,-0.14471422476190476,0.16350016809523812,0.037628315714285744,0.11248654523809516,0.04800387095238098,-0.09690325904761898,0.01508967333333332,-0.009126369047619003,0.14285714285714285,0.8571428571428571
689719338468663432,-0.016656955829008665,0.03843304658006963,192,0.09151911651041662,0.01666611119270827,0.0748530053177083,4.9,-0.05264259906249999,-0.14489763005208328,-0.1121943972395833,-0.09889973093749997,0.0037292439583333065,0.0006492749479166164,-0.03660531270833336,-0.07209323322916668,-0.04706696624999993,-0.021847590677083344,0.359375,0.640625
692807914756117019,-0.09483680297674973,0.040998974931707746,59,0.11632204889830505,0.05122058240677958,0.06510146649152541,4.81,0.02216226949152538,0.10074112983050841,-0.15705633694915255,0.10476401661016944,0.006823896779660999,-0.060415105593220296,0.1596979669491525,-0.12367321661016953,-0.1077049798305084,-0.08414848152542372,0.01694915254237288,0.9830508474576272
699073700185633508,-0.015630963543599913,0.0508760238410868,8,0.09999683049999997,0.02805746724999995,0.07193936325,5.0,-0.1289998275,0.04618106624999996,-0.12193875250000002,0.038172866249999986,-0.013242682499999926,-0.027210621249999973,-0.029021620000000036,-0.056313519999999985,-0.09992569999999998,-0.046520168749999986,0.25,0.75
705660262559003663,-0.033065098343590685,0.03008339999548307,8,0.10963621049999998,0.053380639125,0.05625557137499995,4.9,-0.03307735124999993,0.052488343750000006,-0.16674421375,0.06780640000000002,-0.023566921249999997,0.03139537500000003,-0.030301758750000025,-0.12268917000000001,-0.0005978625000000199,0.19653783625000001,0.125,0.875
717373135846408345,0.03461282850150964,0.040593299882623446,34,0.13069070835294114,0.03202960485294113,0.09866110349999997,4.89,-0.16372912411764706,-0.13582977499999993,-0.15578488441176475,-0.12089664088235295,-0.017814341764705897,-0.018246287647058837,-0.11772619588235293,-0.17611156941176465,-0.02036723676470591,0.2601910694117646,0.7941176470588235,0.20588235294117646
723956857052424266,-0.046489802834877754,0.03366316337031677,150,0.11479922451999997,0.035017569959999925,0.07978165455999998,4.91,-0.17447438059999995,0.11655309519999993,-0.10950000026666667,0.17250505899999996,-0.01832070113333329,-0.032668457000000026,-0.1357422811333333,-0.1262512043333333,-0.08539251126666664,-0.05434946446666669,0.08,0.92
724566770267420045,-0.0581844856480028,0.04423720942778178,54,0.12979746288888885,0.061887152907407345,0.06791030998148145,4.97,-0.20959501685185183,0.12091660370370362,-0.13159469499999996,0.14922309592592595,-0.02121368629629627,0.03565809518518516,0.22911798185185178,-0.13247926277777772,-0.06446934555555556,-0.035795340925925935,0.16666666666666666,0.8333333333333334
735879623743921266,-0.0396794335200798,0.03661129927753844,48,0.09562683529166664,0.045238394541666664,0.05038844074999994,4.67,-0.04371178874999997,0.09477976416666666,-0.08243112979166665,0.12393408812500002,0.0054105947916666996,0.019750673958333357,-0.09549531166666662,-0.030195850208333302,-0.011318070208333322,-0.032223432500000045,0.125,0.875
737574278276037589,-0.0933217424486651,0.03825167357785856,19,0.1151724852105263,0.06113911168421052,0.05403337352631577,4.61,-0.14689019947368423,0.14677259421052627,-0.09030170842105265,0.19417481789473687,0.053146964210526296,0.014489955789473713,-0.05189405947368421,-0.00795684578947374,-0.026762765263157882,-0.013721372105263138,0.05263157894736842,0.9473684210526315
739722503092755616,-0.027819403557709354,0.046712318688124393,23,0.10047975356521734,0.04097065965217386,0.05950909391304343,4.93,-0.08215416652173911,-0.08395662186956518,-0.06142244695652169,-0.05373453117391298,0.03759969434782602,0.01871290782608699,0.027275673043478246,0.002091404347826098,-0.031772707826086946,0.041976452173912986,0.2608695652173913,0.7391304347826086
743600140734706394,-0.0017357779251206298,0.0271703245597639,10,0.10355109169999994,0.04499105909999995,0.058560032599999964,4.67,0.02599767699999993,-0.010606070999999991,-0.16088179700000002,-0.02434611099999994,-0.00515584200000005,-0.015065288000000041,0.09215729500000001,-0.09470406399999999,0.08401434200000002,-0.02709987599999996,0.4,0.6
744430701454304507,-0.003372714646274889,0.036713688157066604,26,0.09993037196153841,0.06155688723076916,0.03837348473076922,4.950000000000001,0.08527890346153844,-0.04786436538461543,-0.09091274923076921,0.013674326538461495,0.02283256615384616,0.055189955384615345,0.10536301846153838,-0.04690330307692303,0.07310993730769225,0.06206573538461535,0.4230769230769231,0.5769230769230769
751421033442627559,-0.01426118317624742,0.03587842047187309,16,0.10109037506249999,0.01346172006249998,0.08762865499999999,4.94,-0.13437346687499996,-0.13915533125000004,-0.16777355562499996,-0.10831925562499999,-0.003958826875000025,-4.792750000002415e-05,-0.043700987499999955,-0.10102105249999994,-0.036088960000000024,-0.007229985624999975,0.4375,0.5625
756752556396798800,0.09046068627670957,0.050713934369575324,10,0.08359929999999996,0.015517343499999992,0.06808195649999996,4.95,-0.030672145999999945,-0.09783866999999993,-0.03695283999999992,-0.08353554599999999,-0.018544808,-0.08055998899999997,-0.10097948199999995,0.00810336800000005,-0.075610768,-0.009055248999999963,1.0,0.0
764508866835218670,-0.00817546951658298,0.033811948548909114,30,0.09499347749999995,0.010388739499999949,0.08460473799999997,5.0,-0.08374919300000004,-0.10194333866666659,-0.19228825400000002,-0.07728979866666665,0.010085010999999996,-0.005595880000000055,-0.059982310666666615,-0.1118260776666666,-0.08266506633333329,-0.036905076999999946,0.4,0.6
774701102203414342,0.0011401159683718022,0.0440801368819799,40,0.10071503147499997,0.035147183624999925,0.06556784784999997,4.9,-0.09754231074999999,0.031642704750000014,-0.14631215974999995,0.012587063749999955,-0.013541548499999962,0.061060343749999926,0.06454424349999996,-0.15793742525,-0.037075502999999996,-0.021632050749999958,0.525,0.475
784781397995494758,0.040505311957729905,0.03460658858520694,30,0.07317171104066664,0.02418088757399999,0.0489908234666666,4.7,-0.08719664533333328,-0.06505006466666664,-0.02181325166666668,-0.041048585333333255,0.004055211073333331,-0.019425576333333267,0.023409017666666705,0.03125109300000003,-0.06607751066666664,-0.006203046666666639,0.9,0.1
786228331433922432,0.017419052456514525,0.01826813811600669,4,0.07091487674999997,0.045358669499999976,0.025556207249999973,4.5,0.008740019999999973,0.07208535249999992,0.013282984999999949,0.0493490500000001,0.0020728474999999746,0.014973382500000052,0.03818845000000003,0.013850647500000028,0.017322994999999924,-0.0318411075,0.75,0.25
786316043239579100,0.006962377806161937,0.04088271640005943,16,0.11550110199999998,0.037865112312499935,0.07763598968749999,4.75,-0.12380899000000001,-0.12340853874999999,-0.05827763874999999,-0.081881888125,-0.011404741250000018,-0.05342363000000003,0.0024046806249999556,-0.028963000000000017,-0.03362797999999998,0.11468295249999998,0.5,0.5
787023821243442039,-0.040728708041649346,0.03536980446516015,72,0.12690894630555552,0.041167088236111066,0.0857418580694444,4.95,-0.2055460404166666,0.0796433930555555,-0.14249949791666666,0.0909491875,-0.023632962499999976,0.1851873730555555,-0.1382841929166666,-0.15950517888888885,-0.08833728486111107,-0.04372249444444438,0.125,0.875
794723189688979530,-0.0687279177973171,0.05482976274337007,10,0.09027350429999999,0.04395163459999998,0.046321869699999976,4.53,-0.02156259900000004,0.07631046300000002,-0.11998257500000001,0.14246571399999997,-0.0025312269999999497,0.02758452399999999,-0.03673453000000002,-0.057288740000000005,-0.02601125800000001,-0.00595212300000002,0.0,1.0
796231143904004713,0.05128357194418376,0.08120091653720393,11,0.11918347445454539,0.07757453463636356,0.041608939818181805,4.58,0.00828526090909085,-0.04255896818181821,0.07706264454545447,0.004167548181818167,0.06038691354545453,0.029218902727272657,0.08351416545454547,0.05466778000000003,0.0267437572727273,0.05816794372727264,0.8181818181818182,0.18181818181818182
797455132224782470,-0.0667283280749977,0.0373663518727172,13,0.12358793076923075,0.0532677282307692,0.07032020253846152,4.77,-0.08316622615384614,0.11644910923076919,-0.20357083769230766,0.1369469453846154,0.007292958461538408,0.08550745615384613,-0.05841876538461532,-0.13462162153846158,-0.03839363153846151,0.001449870000000008,0.07692307692307693,0.9230769230769231
802216634798169031,0.014766305876102033,0.04440645906575728,3,0.06371550233333327,0.036504413999999936,0.02721108833333333,4.33,-0.07273816333333341,-0.04702349999999997,0.042234263333333265,-0.021859660000000003,0.004725999999999966,0.025742733333333268,0.2286516066666667,0.02973326,-0.06047082333333337,-0.03606246000000003,0.6666666666666666,0.3333333333333333
803604897479679272,-0.01849114927116077,0.021512672231505058,3,0.104810425,0.016955699666666667,0.08785472533333329,5.0,-0.22511463666666662,0.006122499999999968,-0.25024640000000004,0.012337593333333367,-0.008375036666666632,0.029750526666666634,-0.10746038333333334,-0.2036186166666666,-0.02151176999999997,0.05912596666666667,0.3333333333333333,0.6666666666666666
803682039097862541,0.06980294355398632,0.03889503536324311,22,0.09789593240909088,0.022893709499999956,0.0750022229090909,5.0,-0.10921202272727269,-0.10328136090909089,-0.002684842272727309,-0.08843750954545454,-0.032797327272727224,-0.02238792636363632,-0.0677395886363636,-0.017479737272727218,-0.05415447727272729,-0.022910341818181846,0.9545454545454546,0.045454545454545456
803867986023966300,0.01965253371630396,0.06584569596459201,5,0.12896646879999998,0.07983826859999991,0.0491282002,4.5,-0.05588487200000001,0.07131547999999999,-0.05961528800000003,0.07097609199999995,0.026643707999999922,0.0864327799999999,0.198525148,-0.05731602199999995,-0.004841818,0.030865475999999958,0.8,0.2
806767523952124375,-0.039443951327591556,0.049363986379121996,19,0.11248520557894735,0.05612693726315789,0.05635826831578941,4.43,-0.09962711842105261,0.07134841263157893,-0.08474436105263161,0.08815221526315788,0.00917424157894741,0.21594707315789474,-0.023086307368421065,-0.08486491736842099,-0.04734440526315783,-0.04726814368421051,0.15789473684210525,0.8421052631578947
813640070361665090,-0.11137560653858947,0.0926758474849662,6,0.23824437504999996,0.029173579216666634,0.20907079583333332,4.75,-0.2849425511666666,-0.16318294666666663,-0.34731809833333327,-0.056191485000000006,-0.18782760666666665,0.05186429666666673,-0.14599108499999994,-0.2552707266666666,-0.23459623166666668,-0.17551573166666667,0.16666666666666666,0.8333333333333334
826301775871257033,0.03983924433733492,0.056673133676533524,22,0.11539893840909089,0.02859080504545449,0.08680813336363634,4.5,0.03967377227272722,-0.05754501636363634,-0.10706368863636363,-0.10860548000000003,-0.003870240454545428,-0.05148627636363639,-0.16144622999999994,-0.08061585954545449,-0.016990267272727264,-0.03422399681818183,0.8181818181818182,0.18181818181818182
831122937768017113,0.01620478990492779,0.03536489131009991,75,0.09655434431999997,0.018556007413333298,0.07799833690666666,4.95,-0.13330945453333334,-0.0946631,-0.10744562733333335,-0.05152107626666663,-0.012830603333333341,0.052888176666666675,-0.09065925186666661,-0.1153242524,-0.04034556933333334,-0.0012125365333333512,0.68,0.32
845960193409947556,0.004600301875282578,0.0319277956552923,96,0.11995161076666662,0.03494447992291664,0.08500713084374996,4.97,-0.18915972295833336,-0.12562556531249994,-0.06549471385416662,-0.08451421156249996,-0.033444456874999993,-0.025975365208333354,-0.08018970166666665,-0.02444837291666663,-0.11051622822916661,0.23874182937499996,0.5520833333333334,0.4479166666666667
846586211673806912,0.08601683410405647,0.022773159416130298,12,0.07559406174999997,0.025151259749999984,0.050442801999999946,4.68,-0.05766931333333336,-0.10390171833333327,-0.020959918333333317,-0.09446941333333332,0.012552247499999983,-0.053684343333333266,0.02615297999999992,-9.328500000000083e-05,0.01265788416666669,0.026499457500000018,1.0,0.0
850173470105833039,0.06892193374124737,0.040012496826540934,158,0.10330148811645568,0.08986169361645566,0.013439794499999982,4.98,0.20873881720886076,0.0924960996012658,-0.017442911898734186,0.058406411949367104,0.011022992848101203,0.07162080765822781,0.1568088234810127,0.05769067202531645,0.04863011113924044,0.07624716715189868,0.9873417721518988,0.012658227848101266
850653820133738660,0.060525410763312366,0.02131570366115798,11,0.08506438081818181,0.011246542909090863,0.0738178379090909,5.0,-0.12591064818181819,-0.02333468090909089,-0.19006331181818178,0.009431219090909026,0.0048729509090909735,0.0045842336363636806,-0.08654480545454543,-0.21798983363636368,-0.02294769090909092,0.022189617272727273,1.0,0.0
857981934159027424,-0.01526086099241766,0.026704158537806607,18,0.10155413877777775,0.029706196999999997,0.07184794177777773,4.81,-0.03538905555555559,-0.042983007222222196,-0.17619023444444448,-0.030006764444444407,-0.010170193888888828,0.00815951000000002,0.07075430444444447,-0.16447663999999998,-0.016693867777777767,-0.024421498888888896,0.3333333333333333,0.6666666666666666
870457209918967324,-0.003334646808297525,0.01595900223476895,4,0.13913928274999998,0.1045207215,0.03461856125,5.0,0.10363229000000002,0.160123575,-0.12921519999999992,0.16388585750000004,-0.019687045000000028,0.005131274999999921,0.342490425,-0.0024987800000000754,0.07935380749999993,-0.004194602499999975,0.5,0.5
882229561343619620,-0.004544336938775449,0.03336000840746539,37,0.08551526308108105,0.019471609486486425,0.06604365359459458,4.77,-0.0907159605405405,-0.02930963864864867,-0.09338869756756758,-0.04066084324324322,0.0012277635135135424,-0.06636056135135134,-0.041375240270270265,-0.060858182702702754,-0.018104016756756762,-0.026175063513513556,0.43243243243243246,0.5675675675675675
888859204851381094,0.02090920654701396,0.08685857764780845,5,0.20447376903999995,0.10633080783999993,0.09814296119999998,4.19,-0.006260123999999934,0.005774970000000013,-0.206376412,0.024922606000000024,0.11856133240000004,0.09303096999999994,-0.0017977680000000218,-0.21918835799999997,0.12924216800000002,0.14396908199999994,0.4,0.6
905007131419044966,0.0008678619414227706,0.03392194688083027,44,0.0892394547954545,0.04450356031818174,0.04473589447727271,4.82,-0.07990974840909092,0.06219047909090909,-0.060243946818181765,0.08084034999999998,0.005852225227272746,-0.021612284090909137,0.09836800318181811,-0.04971423159090913,0.0007180313636363095,-0.03881221954545452,0.4318181818181818,0.5681818181818182
916983723755256572,0.029891213043416236,0.041526806633010185,5,0.10256032339999999,0.06884414079999994,0.033716182599999964,5.0,-0.05360402399999994,0.17392202399999995,-0.07782071599999993,0.20314268999999996,0.00056262200000004,0.02243822600000002,0.08942348800000004,-0.044756593999999976,0.05006881599999994,-0.01209694999999996,0.8,0.2
928948908785846870,0.020033311595445153,0.0321441186756539,46,0.08945837219565213,0.03878295395652172,0.050675418239130375,4.81,-0.10001274456521737,0.008336869347826065,0.030196217173913065,0.09362966152173909,-0.003989503260869508,-0.06084162608695649,-0.06427404130434777,0.044375854347826114,-0.044873061739130464,-0.02147226826086949,0.7391304347826086,0.2608695652173913
932618854176539492,0.08573129317865685,0.058400258069216275,29,0.12336029632413786,0.057808872634482686,0.06555142368965514,4.79,-0.09495979965517237,-0.0924703013793103,-0.010624221586206895,0.01979433103448269,-0.0809198889655172,0.002738268965517224,-0.08016718620689656,-0.06149715241379308,-0.004130356551724106,0.3248107962068965,0.9655172413793104,0.034482758620689655
932642358896439621,-0.02158022325000088,0.053922743654199884,25,0.11086362907999998,0.06914754139999998,0.041716087679999944,4.59,-0.06051006120000002,0.12834503960000002,0.023966948000000047,0.17723803359999996,0.009992408799999993,0.11332456639999998,-0.05808410840000001,0.02123052599999995,-0.05552346959999996,-0.025665345999999957,0.36,0.64
934035097653060273,0.0656511543278117,0.06419071791207916,5,0.1369543303999999,0.1070470291999999,0.02990730119999998,4.67,0.12423891599999992,0.039518872,-0.006415630000000075,0.09088006400000001,0.12156134599999997,0.09886777599999994,0.11951261799999999,-0.036548106000000004,0.103967942,0.11581348199999994,1.0,0.0
937838302933205871,0.046949981437667064,0.034048334795589316,6,0.06100675983333332,0.02434219366666665,0.03666456616666665,4.88,0.009338614999999998,-0.007816761666666719,-0.032411255000000014,-0.01687181666666665,-0.06700329666666667,-0.01829021333333335,0.08423455333333334,-0.0037344633333333487,-0.03782679999999993,-0.032842286666666665,1.0,0.0
937917144482762419,0.06699116985153719,0.04506662886032161,7,0.10257381242857141,0.03571740542857138,0.06685640699999996,4.67,-0.07489023428571433,-0.010055831428571471,-0.09206402142857144,-0.007439791428571471,-0.049107274285714264,-0.0017021414285714148,0.04434809142857147,-0.10976530857142851,-0.011108617142857142,0.00039511285714290335,0.8571428571428571,0.14285714285714285
937927979762952955,0.0599781420493116,0.04889189175769108,3,0.08878587266666664,0.013051394999999967,0.07573447766666659,4.67,-0.06437199999999997,-0.05759404999999993,-0.02091295,-0.07899259333333332,-0.11191912666666663,-0.04470072666666666,0.0268546033333333,-0.07875764666666657,-0.1233725266666666,-0.07306380999999997,1.0,0.0
937935210290408974,0.08646490350321856,0.0011906435234262365,3,0.06193677133333327,0.02965938566666663,0.03227738566666657,4.33,-0.0020517466666666317,-0.031131323333333405,0.06975845333333333,-0.04686593333333323,-0.06607743999999993,-0.0376903099999999,0.03688723666666666,0.02544885666666663,0.018327303333333232,0.0072149033333333,1.0,0.0
938421117122010799,-0.02525992244003408,0.1000769900312759,11,0.2264391142890909,0.08451426128909088,0.14192485299999996,4.85,-0.10086130418181814,-0.07241682818181815,-0.17909445574545452,0.02436213454545453,-0.02320086445454547,0.05830318909090912,-0.06897240181818177,-0.12170502454545451,-0.07762050818181819,-0.012899853636363656,0.45454545454545453,0.5454545454545454
938431811499141903,-0.09641051229091054,0.09920591870382457,15,0.23698080246666667,0.04822579526666666,0.1887550072,4.98,-0.2258113653333333,-0.014885151333333334,-0.33930162713333334,0.060550949999999985,-0.170494128,0.08009630200000004,-0.1658105246666666,-0.24981333799999997,-0.19839163153333333,-0.18143160533333333,0.2,0.8
940012438497375577,-0.050690655279595126,0.038914555629347536,4,0.12431204549999997,0.06664301975,0.05766902574999995,5.0,0.0251878375,0.170873175,-0.276587555,0.2748518,-0.012352164999999976,0.0110971325,0.09422424250000003,-0.21169051999999997,0.0023216024999999293,0.011814390000000001,0.0,1.0
942750363293463100,-0.1346811971491226,0.04053601838214659,16,0.234592940625,0.034322800875,0.20027013974999996,4.95,-0.24746993343749996,-0.01995763937500003,-0.37386176625,0.08307875374999998,-0.2090596178125,0.14305142562500003,-0.26510527312499993,-0.25629138812499996,-0.27509156625,-0.23876638374999998,0.0,1.0
950211425725610511,0.013200951486506216,0.03600641906149846,127,0.09529359488976374,0.019649833590551145,0.07564376129921256,4.93,-0.0965031923622047,-0.09809649488188972,-0.13753593708661413,-0.06020237590551175,0.01130242535433065,-0.06553358858267717,-0.07275341370078742,-0.11678156748031492,0.025716494645669313,0.0504483729133858,0.6614173228346457,0.33858267716535434
958199983873241221,0.047907626783116976,0.03848864153266792,14,0.09420500792857138,0.027616230499999922,0.0665887774285714,4.85,-0.03588173571428564,-0.07891936214285714,-0.13668273857142857,-0.06055646428571432,0.011650666428571372,0.0006405164285713777,0.02787643642857143,-0.12608968142857147,0.0214885628571428,-0.013251669285714264,0.9285714285714286,0.07142857142857142
963920695464462572,-0.06206113467190254,0.036302754567471854,49,0.10265124487755099,0.057629509877550944,0.04502173499999999,4.84,-0.1190553773469388,0.01762617040816328,-0.03733635000000002,0.05454798775510197,0.01831458693877548,0.14598082428571424,0.12344618346938772,0.009936767142857166,-0.0646298575510204,-0.022753186326530655,0.061224489795918366,0.9387755102040817
965313684808466476,-0.05765938088999127,0.04758283290916243,5,0.10711180940000001,0.04391087239999995,0.063200937,5.0,-0.19498352199999994,0.01143450000000002,-0.11632597599999998,0.054506935999999936,0.035688448,0.04868531399999998,0.014661590000000039,-0.06711328600000009,-0.009261364000000041,0.02980671399999994,0.0,1.0
966287799980701967,-0.03589525935026376,0.06013647974659344,17,0.11702340899999997,0.04011976770588227,0.07690364129411764,4.92,-0.11667765411764709,-0.05165208764705881,-0.15730824588235295,-0.003528828235294167,0.012109758823529387,0.12170587705882348,-0.03291756117647063,-0.1261423835294118,-0.01846721176470592,0.005039600588235229,0.23529411764705882,0.7647058823529411
969886763377526954,0.035756404576021056,0.0448999883721464,58,0.09764877553448272,0.039031133499999975,0.05861764203448274,4.86,-0.039034992241379275,-0.0576253970689655,-0.1267431418965517,-0.03165285396551724,0.02398636258620686,0.04016866103448269,-0.004839395172413759,-0.10531830551724142,0.08581583948275864,0.019378137413793066,0.8275862068965517,0.1724137931034483
980034348801186320,-0.007766084926363454,0.03476640844048031,22,0.09292057790909088,0.034802201590909014,0.058118376318181814,4.91,-0.043593488181818185,0.017901526363636313,-0.09825313409090909,0.057676356363636376,-0.0023944768181817584,0.15962064090909084,-0.10129272499999999,-0.15646532045454545,-0.014628922727272764,-0.05173220363636361,0.4090909090909091,0.5909090909090909
983306819910081094,-0.0297493884679237,0.029849766692741656,3,0.11035055099999995,0.026447199666666633,0.08390335133333333,4.33,-0.29135941,0.021988243333333397,-0.17886765666666662,0.15443728666666665,-0.012412616666666631,0.0018525733333332993,-0.025346113333333403,-0.14048205999999996,-0.04373447333333336,-0.06063728999999996,0.3333333333333333,0.6666666666666666
989010058281318863,-0.059399575226054636,0.04131403028345652,5,0.10835574479999996,0.046570110199999945,0.06178563459999999,5.0,-0.03610120799999998,0.005265277999999962,-0.16500564999999998,-0.0042027759999999584,0.010900081999999978,0.014280647999999962,0.007131497999999939,-0.06805526200000002,-0.02337924400000003,0.10701139,0.2,0.8
992554549672159765,-0.011951057805935611,0.03694611726281143,11,0.07950967818181814,0.0207012337272727,0.058808444454545424,4.62,-0.016861202727272786,-0.039647769999999936,-0.1615241509090909,0.012497200909090882,-0.0034477481818181556,0.025405753636363663,-0.037424915454545536,-0.11595440181818174,-0.040519288181818165,-0.003595584545454518,0.2727272727272727,0.7272727272727273
993431459821117738,-0.04228434345084986,0.03885059160465889,5,0.08375273659999995,0.017897969999999923,0.06585476659999996,5.0,-0.15473434199999997,0.016894483999999998,-0.16368188999999994,0.03528289600000004,-0.007448689999999961,-0.009282342000000074,-0.02564870800000002,-0.13893625599999995,-0.022734853999999978,-0.00927826399999998,0.2,0.8
1004978540001566331,-0.006859875629407152,0.04440085208343006,46,0.13364031731521736,0.07910324827173908,0.05453706904347823,4.99,-0.17819201326086956,0.16625541043478254,-0.08535887195652168,0.2140624856521739,0.006112210217391293,0.17569013847826082,0.031747134347826125,-0.08371335543478263,0.03674007630434776,-0.03768142249999996,0.41304347826086957,0.5869565217391305
1005978346817864540,0.006758534971821144,0.034120921066988226,39,0.08894219399999999,0.021686239999999926,0.06725595399999999,4.72,-0.006666628205128257,-0.05655580179487179,-0.1271383361538462,-0.010449960256410309,-0.02668950794871794,-0.008724832051282074,-0.04920004384615384,-0.12480351435897433,-0.013164384615384592,-0.03230413076923076,0.5641025641025641,0.4358974358974359
1010759793485911351,-0.04462310462037441,0.04340706871556762,32,0.11477483665624996,0.05756532784374993,0.05720950881249999,4.87,-0.096303260625,0.17071087093749993,-0.10727979374999995,0.21520019281249994,0.014590300624999959,0.045778422812500004,-0.079953139375,-0.08818659625000004,-0.041941748125000025,-0.02905705874999997,0.1875,0.8125
1010759799610182054,0.011233179496860176,0.0434485672054972,58,0.14290124201724136,0.08888423529310341,0.0540170067241379,4.89,-0.1276168125862069,0.1789904244827586,-0.09066959931034482,0.21530532327586202,0.036508791206896485,0.10815567431034484,-0.12943160931034475,-0.10254211672413792,0.02633282741379307,0.23363938293103448,0.6379310344827587,0.3620689655172414
1010760496997974537,0.005049216251859018,0.06801482632247983,6,0.12283235916666663,0.06883429716666667,0.05399806199999993,4.92,-0.03919762333333331,0.025082116666666644,-0.05398222499999997,0.05492630333333331,0.047143600000000015,-0.014134244999999983,0.003554539999999972,-0.017772174999999973,0.04080599500000002,0.10193606500000002,0.5,0.5
1013659440189111738,-0.01512279748819286,0.04317952915624067,23,0.08963594456521735,0.02780228313043473,0.06183366143478257,4.92,-0.058330960434782565,-0.04748460173913041,-0.08282789086956523,0.08677633217391299,0.0012959913043477695,-0.016327493043478237,-0.06694926913043477,-0.06871336608695654,-0.062145639999999946,-0.02560688521739126,0.43478260869565216,0.5652173913043478
1016050146219474145,-0.08589113826006185,0.07304406853873219,21,0.1296322282333333,0.06993032018571428,0.05970190804761902,4.67,-0.04330830571428565,0.03223351285714289,-0.0620198966666666,0.09537856095238093,0.014743728095238103,0.18247273666666666,-0.05433759095238089,0.02511863380952376,-0.03784813195238096,-0.050149125714285724,0.09523809523809523,0.9047619047619048
1018295677909928470,-0.00980796789470927,0.05947159205866476,13,0.09385405138461535,0.04441661384615382,0.0494374375384615,4.9399999999999995,-0.06255254615384619,0.09819809846153846,-0.15271642461538454,0.12573522846153848,0.021368016923076917,-0.005543254615384645,-0.09298133615384609,-0.05742404307692313,0.08706879538461541,-0.011360771538461545,0.6153846153846154,0.38461538461538464
1018299533220989494,0.02984876271850132,0.04314884913952149,43,0.09130900818604647,0.018351783813953464,0.07295722437209298,4.92,-0.112813478372093,-0.1108065069767442,-0.056903323023255785,-0.08322540023255814,0.007116432325581417,-0.04654327325581394,-0.05982194581395349,-0.012430757209302382,-0.04387753348837204,-0.026748619534883656,0.7906976744186046,0.20930232558139536
1018972187574908115,0.003955199333053668,0.04259834519117357,29,0.09635648793103445,0.044084415241379245,0.05227207268965513,4.73,-0.07112426999999998,0.1075503003448275,-0.09279569931034479,0.1195667055172413,-0.0018035337931034128,0.056018651724137954,-0.05518447620689655,-0.10699496896551723,0.0005889537931034075,-0.037698237586206856,0.5517241379310345,0.4482758620689655
1020518500251473070,-0.0029832846451013097,0.038946370103687684,75,0.0943539163757333,0.04054405516239997,0.05380986121333328,4.66,-0.08771305293333333,-0.025811559599999936,-0.026138964000000053,-0.0010104905333332876,-0.03952343850933331,0.0681985173333333,-0.03261565986666662,0.03759093039999995,0.0017465506666666823,-0.02738089346666665,0.52,0.48
1020993107237604444,0.011757061351865172,0.056577325916285975,10,0.11892091519999999,0.0681397861,0.05078112909999997,4.54,-0.07138719800000004,0.140376522,-0.03064978500000004,0.18195356000000004,0.03272727600000003,0.005160108000000009,-0.03116018200000001,-0.09317740799999999,0.031966463000000035,0.007777213999999949,0.4,0.6
1021011347006185640,0.007439623586388854,0.049641091176766974,15,0.10227761436666662,0.06309030849999991,0.03918730586666667,4.59,-0.03714056866666672,0.10183239599999996,-0.0058666456666666925,0.15800844533333333,0.041857877333333265,0.004397236666666622,-0.04638443000000004,-0.004640616666666697,0.03319393799999994,-0.00622760600000002,0.5333333333333333,0.4666666666666667
1043565517982254841,-0.03267823448047556,0.06661201058616474,9,0.13846130166666665,0.09411144233333332,0.044349859333333276,4.29,-0.10282857888888891,0.1911024977777778,-0.01744743777777773,0.2070291655555556,0.015132674444444423,0.02454663777777771,0.14450412,0.034700892222222265,0.007756337777777773,-0.0068804788888888226,0.2222222222222222,0.7777777777777778
1052381112116173923,0.0004149163191228503,0.036557868154120446,8,0.07619572824999998,0.014225197499999976,0.061970530749999975,4.89,-0.11589406499999996,-0.03658763124999996,-0.12697672249999997,-0.024653663750000072,-0.005056913749999973,0.008685853749999976,-0.03421090874999999,-0.0854377625,-0.03982447999999999,-0.01749703874999995,0.375,0.625
1061814091773376272,-0.006263866958649647,0.03717573196476341,13,0.09410586976923072,0.03850826230769226,0.055597607461538426,4.67,-0.05372394307692314,-0.009940640769230792,-0.07834316461538463,0.024625459999999964,0.0024664530769231163,0.009009722307692229,-0.009337054615384576,-0.027759144615384614,-0.015658667692307664,-0.01223247153846153,0.38461538461538464,0.6153846153846154
1062527013885315764,0.03676041844012953,0.05009224344075257,8,0.10093326824999997,0.025239999499999922,0.07569326875,5.0,-0.014220748750000067,-0.08749041499999995,-0.20557011499999997,-0.06874556875000003,0.024942946249999962,-0.008551132499999989,0.02406565249999995,-0.19234025250000003,-0.0015195462500000242,0.024896487499999925,0.75,0.25
1079742757364810916,-0.007847931531728733,0.03699775271358715,6,0.08347332816666664,0.014223407666666632,0.06924992049999995,5.0,-0.026447261666666666,-0.054601843333333344,-0.14559680833333333,-0.03944369499999993,-0.032338014999999984,-0.08403890666666662,-0.04154513833333337,-0.06231247833333326,-0.05398127500000003,-0.009959706666666682,0.5,0.5
1091422934956081673,0.014207210483314539,0.07866887266269298,8,0.13953718725,0.08878527912499998,0.05075190812499995,4.59,-0.11997210625000006,0.05525544499999997,-0.03620966000000007,0.0665858325,0.0467519562500001,0.06953574375000003,0.07171476125000002,-0.03409551249999996,0.06585206874999994,0.19491518124999999,0.5,0.5
1091500387329731524,-0.05834392802331976,0.050089216062369074,39,0.10982104104102561,0.05298881832307691,0.05683222271794868,4.83,-0.09067760153846152,0.12456480307692311,-0.0920701548717949,0.1751439038461538,-0.01860585717948719,-0.05839913435897435,0.10002302282051281,-0.0978753479487179,-0.05990043805128202,-0.020637239743589688,0.10256410256410256,0.8974358974358975
1097201673425863720,0.016677421920537706,0.06370438793928454,13,0.12672918331230762,0.04491038377384611,0.08181879953846151,4.82,-0.11844143999999998,-0.013196567692307738,-0.0998911553846154,0.06026287307692308,-0.02031539230769225,0.10255266076923071,-0.12623084692307687,-0.10305948923076926,-0.0281169638,-0.022647836153846128,0.46153846153846156,0.5384615384615384
1097995825442731795,-0.004570911999832485,0.06346882075585798,26,0.11882867423076922,0.06708468826923075,0.05174398596153843,4.97,-0.06419687730769227,0.055336045769230784,-0.0985241565384615,0.07008637384615382,0.017322674615384656,0.016413907692307723,0.0031074734615384294,-0.09573139923076927,-0.020894830384615426,0.2704878111538461,0.5,0.5
1102984130027939637,0.03925472454620733,0.047513338055247975,22,0.10743429622727269,0.036196966636363626,0.07123732959090902,4.63,-0.05176020227272728,-0.06584986727272725,-0.04647313999999994,-0.07214499409090903,-0.035110800909090835,-0.05427424318181813,0.06293011999999998,-0.03579847999999999,-0.05232155499999998,0.0003995331818182081,0.7727272727272727,0.22727272727272727
1104977057298366617,0.026212932726523735,0.03330132871822835,26,0.11385693361538458,0.055705933692307655,0.058150999923076895,4.96,-0.09852901807692306,0.19979685346153842,-0.04294936000000005,0.22961002499999994,-0.008687257307692238,-0.03332977423076922,-0.10092522269230764,-0.07162897961538459,-0.052086424615384604,-0.0457215042307692,0.7692307692307693,0.23076923076923078
1111221935683053416,-0.0778952524296225,0.058768149385372594,16,0.10159270112499998,0.055029200687499974,0.04656350043749996,4.57,-0.05472100000000004,0.07410234249999996,-0.11284117187499994,0.11268071937499999,-0.027976346874999957,0.14510957124999993,0.01873560624999996,-0.04162822624999996,0.010535243125000033,-0.039339734999999966,0.0,1.0
1119691401020641385,0.017351730037887963,0.06821461147205837,11,0.11336735972727267,0.06629181854545449,0.047075541181818135,4.91,-0.06338378454545457,0.11126797272727273,-0.09154431181818178,0.10182939363636363,-0.004095049999999955,0.13389197727272728,0.0621868963636363,-0.08646570818181813,0.0154524272727272,0.013022960909090865,0.8181818181818182,0.18181818181818182
1120212616553191970,0.04130946231122908,0.04063343798272207,20,0.09945886834999997,0.03639133614999999,0.06306753219999991,4.88,-0.08784367799999997,0.056658604000000015,-0.14835705749999997,0.09732020050000001,0.0011518880000000338,0.037628887000000014,-0.06942475849999993,-0.15583633599999996,0.02410921699999998,-0.022168927000000005,0.85,0.15
1123231471304541808,0.016223413145343955,0.04106321481298568,35,0.1014778129428571,0.016172696457142803,0.08530511648571426,4.84,-0.11262052285714286,-0.08330252971428569,-0.14495287485714284,-0.08391865942857143,-0.004410923999999946,0.02294804657142853,-0.1208061177142857,-0.14065888799999995,-0.0209912051428572,-0.0026105251428571266,0.6,0.4
1124558577325015506,0.048801238931185674,0.02429478648517475,3,0.09155327599999992,0.039230882333333265,0.05232239366666663,4.6,-0.14628195333333333,0.03783867666666674,-0.12678518333333322,0.09129614333333326,0.007912193333333232,-0.0331600133333333,0.060033973333333344,-0.12013858666666664,0.10793637999999994,-0.009566743333333369,1.0,0.0
1124632058968031818,0.0008571159489818402,0.020324654100538,5,0.0821356362,0.01121758559999992,0.0709180506,5.0,-0.058772596000000045,-0.035976421999999966,-0.13719865199999992,-0.027281556000000057,-0.024032736,-0.053536296000000004,-0.10609686999999997,-0.11942526,-0.02269064200000002,-0.01199362000000004,0.6,0.4
1131258472427093335,-0.014162203121526315,0.03547257479537399,64,0.12803069704687497,0.061105170999999986,0.06692552604687496,4.98,-0.13786106734375003,0.06819940734375005,-0.11789405843749998,0.131075499375,-0.03206265437499995,-0.08103379749999996,0.0330040303125,-0.12641061593749994,-0.06365705906250002,0.26843676515625,0.3125,0.6875
1142832011692120213,-0.02527302108204013,0.040943080215923085,6,0.11619531999999999,0.05128453383333331,0.0649107861666666,5.0,-0.21403956,0.08172398333333342,-0.09464104833333331,0.17356553666666671,0.003209001666666633,-0.001711569999999934,0.10190808166666664,-0.12374535999999996,-0.06238436499999997,-0.00014722333333336743,0.3333333333333333,0.6666666666666666
1146241260871564965,-0.025867694227919937,0.03805081662806453,33,0.09717556730303026,0.06447939918181816,0.03269616812121204,4.82,-0.06279484363636358,0.10685653515151508,-0.021937950606060574,0.10798291212121212,0.01844981818181812,0.2110158703030303,-0.015270316969696933,-0.004461981515151495,-0.002512354848484793,-0.019495377575757533,0.18181818181818182,0.8181818181818182
1147092019793504034,-0.04387526026124874,0.05672300554142338,32,0.11057374596874997,0.06951598709374997,0.04105775887499997,4.72,-0.04710672187499995,0.105276593125,-0.07990179187499998,0.11051140687499998,0.02853197062499998,0.21091872937499997,0.012611332187499994,-0.041960127500000007,-0.013419955312499983,-0.0008791534375000424,0.125,0.875
1171795874799450911,-0.04265842231323048,0.037890334312990825,40,0.09603950929999996,0.048091468974999996,0.04794804032499993,4.91,-0.12038724424999996,0.074011084,-0.06787519924999999,0.13023693274999995,0.013989508500000048,0.046523028500000015,-0.017669016749999995,-0.04706195874999998,-0.04776522124999999,0.037432373000000005,0.125,0.875
1173390858101803102,-0.10464156913278222,0.03425084910006621,11,0.10675028827272727,0.053409132909090905,0.053341155363636324,4.96,-0.12328040181818181,0.047693173636363675,-0.10844679545454543,0.08605817727272726,-0.018816133636363582,-0.021252111818181773,0.050957083636363636,-0.018702198181818234,-0.08093675545454543,0.18740573727272727,0.0,1.0
1174544643387116469,0.016540846484184517,0.032044700189449916,31,0.09384325319354836,0.02635275880645156,0.06749049438709677,4.95,-0.14644034290322575,-0.07767742225806455,-0.037848173548387105,-0.05526310032258065,-0.019849924193548432,-0.003313250967741962,0.022110038709677395,-0.003980056451612921,-0.06917723064516132,-0.019937893225806448,0.7741935483870968,0.22580645161290322
1182574461437954732,-0.02641012256936437,0.04184652467289592,14,0.0889183583571428,0.02939611892857135,0.05952223942857142,4.85,-0.07467321642857146,0.04285240285714289,-0.09293901428571426,0.07260169571428567,0.02109023857142849,-0.06526768500000005,-0.06313638071428569,-0.08915929928571423,-0.036721111428571464,-0.015908835000000007,0.2857142857142857,0.7142857142857143
1183457852972127594,-0.02659589949839584,0.049114682485231105,14,0.10567374285714283,0.04104653821428566,0.06462720464285712,4.83,-0.031148536428571443,0.09072010071428574,-0.17108609428571425,0.10841845571428566,0.019760415714285665,-0.018827607142857194,-0.04650165285714284,-0.17028430714285706,-0.010520655000000014,-0.006336783571428544,0.14285714285714285,0.8571428571428571
1183460523409924571,-0.0115607223310711,0.029378072263778643,15,0.09086088046666663,0.053619635399999935,0.03724124506666662,4.81,-0.03328277666666671,0.13410537666666666,-0.06258661599999997,0.1517729133333333,0.02771630666666658,0.022182126666666566,-0.023308417333333296,-0.06810166866666663,-0.001486867333333374,0.01677352600000004,0.4,0.6
1185537980724624711,-0.01945874459860871,0.04161038266783284,116,0.09293876124137929,0.03518914531896544,0.05774961592241379,4.94,-0.11483552293103445,0.07737938896551719,-0.03656720120689654,0.09135632258620685,-0.021234575948275852,-0.08643170456896546,-0.010921955603448311,-0.01445257681034483,-0.05909939568965518,-0.05079748482758622,0.3448275862068966,0.6551724137931034
1189245100874558445,-0.015860339840261386,0.03789729096497616,15,0.10002384866666664,0.05752976773333326,0.0424940809333333,4.91,-0.046909423333333373,0.016430739999999958,-0.07129097999999998,0.05042694066666664,0.056677604666666576,0.09380557933333329,0.010055300666666628,-0.043347398666666606,0.0277885133333333,0.05671999133333332,0.3333333333333333,0.6666666666666666
1189249179392132534,-0.010144351699479238,0.042507688549758435,16,0.0989781659375,0.041960868624999995,0.05701729731249996,4.87,-0.06571994312499997,0.06943900999999997,-0.10441969812500004,0.07170269500000002,0.008746793125000006,0.07853533375000002,-0.062383738125000004,-0.09515516375,-0.03323279124999994,-0.018076784374999974,0.4375,0.5625
1209313814437527365,0.04564937401391553,0.042375800600563625,3,0.07863350399999997,0.004537302,0.07409620199999993,5.0,-0.08075249666666669,-0.09493291999999999,-0.18860596333333332,-0.07331851333333327,0.0033795533333333006,-0.042037249999999936,-0.043023006666666565,-0.13258743333333337,-0.034052279999999935,-0.009658689999999968,1.0,0.0
1229287611382413342,-0.047442318806118336,0.030966876112147827,16,0.10610497881249997,0.04041087049999992,0.06569410831249999,4.47,-0.077403749375,0.026576104375,-0.18663638562499998,0.11352501062499995,-0.015056385000000012,0.11503711124999993,-0.047800020625000036,-0.167604274375,0.004679102500000018,-0.018148891875000038,0.0625,0.9375
1230257693323535013,0.015148525436279578,0.04692724307564247,35,0.14086512568571424,0.09043866225714278,0.050426463428571405,4.92,0.21039472171428564,0.060009667714285654,-0.194546072,0.10684774085714283,-0.02374920085714287,-0.0638078251428571,0.19119557685714283,-0.17297924571428566,0.21454338599999995,0.07221323885714281,0.6857142857142857,0.3142857142857143
1233366548908684664,-0.044859697305172724,0.0402753122304153,43,0.099114009372093,0.05730672848837206,0.04180728088372092,4.77,-0.06097039651162793,0.09001216953488368,-0.07688562744186044,0.09710505860465111,0.013510778837209254,0.18859188837209304,-0.03192187000000001,-0.034624261860465085,-0.012693760232558146,-0.017129503255813968,0.09302325581395349,0.9069767441860465
1237963668912797614,0.028783579638055157,0.04270330999330537,14,0.09871654157142853,0.028885068785714257,0.06983147278571424,4.94,-0.06438558428571425,-0.1197415114285714,-0.03279564642857145,-0.06218947357142856,0.027655505714285662,-0.022951041428571385,-0.0432591014285714,-0.026348752142857153,-0.0174489078571429,-0.04799952714285715,0.7142857142857143,0.2857142857142857
1242227342075722524,0.09711108610161655,0.03993768544252872,12,0.12882611597499996,0.05920649672499998,0.06961961924999994,4.8,0.011904550000000026,0.08665092749999999,-0.11399632750000001,-0.01315089750000005,0.018713426416666647,0.09110568583333335,-0.07501432249999994,-0.057602772499999934,0.02581388333333334,-0.07855537833333329,1.0,0.0
1252255960109808438,0.06992508618781085,0.05072667678832709,4,0.08191066749999998,0.04301017624999992,0.038900491249999974,4.73,0.020899774999999926,-0.16217351249999998,0.060445702499999955,-0.06549781499999993,0.0025866349999999496,0.020493865000000024,0.029278459999999923,0.05135319499999999,0.006977172499999926,0.07673337249999992,1.0,0.0
1268205616603776750,-0.0446277862622402,0.04637048354113747,17,0.10497783435294114,0.05049357176470582,0.054484262588235285,4.88,-0.12370022470588239,0.05056100764705877,-0.08277242235294122,0.10785161176470581,0.0016763105882352523,0.15213214470588235,-0.03188230176470585,-0.04295821941176471,-0.026038296470588234,-0.04477651823529406,0.17647058823529413,0.8235294117647058
1284151940120079993,0.0076695907363941995,0.06864245516768733,11,0.1020837955162727,0.03455301006172728,0.0675307854545454,4.69,0.0025977772727272786,-0.060628207200909105,-0.12616573545454543,-0.04669363709090904,0.0013441672727273286,-0.015912162727272652,0.021167899090909128,-0.08143029727272727,0.04926439490909093,-0.07332195272727271,0.45454545454545453,0.5454545454545454
1289084606313003203,0.029899864679986888,0.04571379497750219,16,0.13073008768749997,0.08516129168749997,0.04556879599999998,4.69,-0.06298071875000007,0.15370324437500002,-0.06970519187500004,0.14733460500000006,0.004504788124999981,0.17965986500000003,0.028518708125000014,-0.08959558562499996,0.09602916937499999,0.008456073124999944,0.6875,0.3125
1296651761769034648,0.007046589410619017,0.032175282343297675,6,0.08067201499999999,0.0260475591666666,0.054624455833333314,4.82,-0.13293342333333333,-0.048635973333333325,-0.028813756666666728,0.07623708333333333,-0.02774785333333332,0.025699116666666633,-0.08378759333333337,-0.0013160516666666973,-0.05857120166666662,-0.005899313333333299,0.5,0.5
1296756366433115082,0.027167061373712782,0.03398433341293783,28,0.08391761332142855,0.024482549357142773,0.05943506396428571,4.88,-0.12176507821428574,-0.06452673178571432,-0.07432336928571426,0.05332517249999997,-0.021670465357142822,0.013931697142857078,-0.03649774928571427,-0.10834057857142856,0.0019385096428570856,0.008403447142857129,0.7857142857142857,0.21428571428571427
1298067362380112500,-0.008711543819404428,0.044288438414040406,20,0.09479413989999996,0.04679581994999997,0.047998319949999986,4.6,-0.037389265000000005,0.06583128349999995,-0.07232828899999996,0.07056849849999998,-0.0006044110000000446,-0.046657061999999985,0.04100273449999996,-0.04872475349999996,0.02370965149999999,-0.00743338749999998,0.35,0.65
1310170283925918533,0.014760252610943273,0.02678901119679715,18,0.09501895627777775,0.020789083055555522,0.07422987322222219,4.89,-0.109485115,-0.09077756611111111,-0.10768204222222226,0.02431431500000003,-0.03034561166666663,-0.01127090277777781,-0.05165447500000002,-0.11596367277777778,-0.025433319444444404,-0.01610951166666663,0.7222222222222222,0.2777777777777778
1319649416178819713,-0.11230284679697117,0.04532158900154705,3,0.15925483466666665,0.013798991666666665,0.14545584299999995,5.0,-0.21029844333333328,-0.1232938366666666,-0.3624291800000001,0.037110833333333364,-0.027749779999999932,0.08349768333333334,-0.2247242,-0.31547561999999996,-0.11312196999999992,-0.06008399999999997,0.0,1.0
1328247359330291677,-0.04251831967863142,0.03496037754369256,15,0.09404857999999995,0.026466153933333306,0.0675824260666666,4.79,-0.0454948553333333,-0.05898856599999999,-0.08641758799999996,-0.04672844333333328,-0.009137205333333303,-0.04812548533333328,-0.08217598466666667,0.025034722000000058,-0.001611384666666719,-0.05751793066666661,0.06666666666666667,0.9333333333333333
1328401906195927790,-0.06000058712700024,0.024487595063189378,3,0.09669379566666665,0.05089562066666664,0.04579817499999996,4.6,0.021132123333333298,0.10376086333333336,-0.15862460333333336,0.12306417000000001,0.04765112000000004,0.026548166666666696,-0.05982408,-0.08147331666666667,-0.03296875333333337,0.0617087666666666,0.0,1.0
1334238579190312184,-0.03287311797242755,0.03952103289762897,14,0.09399555349999997,0.04967653928571427,0.044319014214285656,4.61,-0.020630627857142907,0.1148753892857143,-0.10791619214285708,0.11226365571428572,-0.007011775714285686,0.01244192999999999,0.003747326428571393,-0.028235051428571415,-0.001490904999999971,-0.024468498571428573,0.21428571428571427,0.7857142857142857
1346801758960246004,-0.015266449731897017,0.02970215717129676,6,0.0922461168333333,0.02879286416666663,0.06345325266666664,4.67,0.002981328333333332,-0.09303293833333336,-0.1499692716666666,-0.07994027166666665,0.017140509999999953,-0.05353165999999998,0.06018447666666665,-0.07494050333333335,0.008728991666666701,0.015775453333333335,0.3333333333333333,0.6666666666666666
1350872245042831459,-0.0678040374523998,0.03410648435303303,30,0.09559654443333329,0.03932366463333329,0.056272879799999925,4.9,-0.15221966699999995,0.0823606033333333,-0.08378136699999997,0.10209818999999992,-0.022065734666666614,-0.05155772533333328,0.05845290700000005,-0.0033481520000000617,-0.05086020066666664,-0.04857100533333327,0.03333333333333333,0.9666666666666667
1363867065584533091,0.05355172558111634,0.07645911333350484,3,0.13254262933333333,0.066194849,0.0663477803333333,4.0,-0.10442125666666664,0.029559023333333323,-0.09563830999999993,0.013063819999999967,0.008056963333333333,0.11981040000000003,0.10138728000000002,-0.16108456666666665,0.05611148333333326,0.03162584999999996,0.6666666666666666,0.3333333333333333
1365428503448527322,-0.06558711754793631,0.07769115639851404,18,0.15634651392055549,0.05481317564277774,0.10153333827777772,4.68,-0.16022195222222213,0.07891845833333329,-0.15580953222222219,0.12573228722222218,-0.07698705299999999,0.019901355555555576,0.03824868053888889,-0.12433392833333332,-0.04458460222222221,-0.16806533999999998,0.05555555555555555,0.9444444444444444
1366933239765507591,-0.013508041158119535,0.04476719735343505,17,0.10715873511764704,0.006916705941176429,0.10024202917647056,4.91,-0.21200959941176464,-0.09663978647058821,-0.1579321870588235,-0.07162418823529412,-0.01389806411764707,-0.008839645294117683,-0.11633457941176466,-0.13438754705882353,-0.0722744176470588,-0.04931321764705882,0.4117647058823529,0.5882352941176471
1369127908322228929,-0.053431711122616306,0.05200890179925866,19,0.12705013710526314,0.0626738077368421,0.06437632936842101,4.59,-0.1455542142105263,0.10700251842105256,-0.13956672578947366,0.15167634052631582,-0.006117437368421026,0.10136098526315789,0.00824778894736843,-0.06431408736842104,-0.01492840157894737,-0.014831983157894699,0.05263157894736842,0.9473684210526315
1371829070623409671,-0.01581253331516577,0.038499188309472576,23,0.08752491573913038,0.05163840586956514,0.035886509869565195,4.72,-0.04645400695652172,0.08013174956521732,-0.04053710260869572,0.1061261204347826,0.012742927826086922,0.07902332826086952,0.00748986434782604,0.0005869239130434272,0.009647586956521662,-0.0512384317391304,0.391304347826087,0.6086956521739131
1374747174653747946,-0.11151742182965571,0.03774839012117305,7,0.1336412451428571,0.08625282385714282,0.04738842128571428,5.0,-0.10626141285714279,0.13923538285714285,-0.16466430142857144,0.18486859428571426,0.025830329999999974,0.24443102857142854,0.08548657714285719,-0.059305721428571496,-0.03014333142857146,0.06916688000000001,0.0,1.0
1376989617162173438,0.025882735312119803,0.02720154903104179,3,0.11025717866666664,0.024184706666666566,0.08607247200000001,4.88,-0.10940744666666667,0.01319054,-0.24371153999999998,0.02494693666666657,-0.014621139999999935,0.008399503333333332,-0.013499183333333336,-0.29051403333333337,-0.010978006666666635,0.017316716666666565,1.0,0.0
1379906377578749938,0.015841520021731507,0.034062704258156155,13,0.09703426630769228,0.041909615769230725,0.0551246505384615,4.68,0.0033393723076922473,-0.012746339230769224,-0.13583161538461536,-0.0064441607692307945,0.05246920538461529,0.017858860769230753,0.014060399230769238,-0.14416100692307682,0.03367999846153841,0.045624938461538464,0.6923076923076923,0.3076923076923077
1380555997747082021,0.0165206337862432,0.025867540862626926,3,0.10496714566666664,0.06523726933333333,0.03972987633333327,4.8,0.0405252066666666,0.08136304999999994,-0.16297841999999993,0.041922306666666666,-0.02473139666666663,0.2941334666666666,0.1333417,-0.17846922333333337,0.027605940000000034,0.0023613000000000327,0.6666666666666666,0.3333333333333333
1383513241348424944,0.0013778983322151831,0.04188591896575616,18,0.10253102694444441,0.04633547272222217,0.05619555422222221,5.0,-0.08138058388888894,0.043292009999999985,-0.08798418777777779,0.08245350166666668,0.012324795555555533,0.05446317666666664,0.006717848888888834,-0.08266218277777779,-0.03740240166666662,-0.008422791666666714,0.5,0.5
1393634713342137582,0.033320140420096934,0.04237801152634594,3,0.10329687146666662,0.0389875068,0.06430936466666663,4.15,-0.030004733333333266,-0.05547396000000001,-0.025151066666666676,-0.03519942666666664,-0.007845151999999939,0.0034471433333333975,-3.341333333326818e-05,-0.01622987999999999,-0.016817933333333333,-0.06991015666666663,1.0,0.0
1393634936904017469,0.18349879456551085,0.033365237090075855,4,0.07988945199999997,0.028782967,0.05110648499999995,5.0,0.024463132500000054,-0.07818978750000001,0.128268585,-0.05002613749999992,-0.04423149999999998,-0.029399677499999975,-0.14897728499999993,0.05761487499999997,-0.022592044999999922,-0.06016534,1.0,0.0
1393638070589049592,0.029859787706996422,0.05836036280786086,5,0.13707463259999994,0.0843522673999999,0.05272236519999994,3.78,0.20286117000000004,0.18038530399999997,-0.20109488599999992,0.085908154,-0.04098519399999994,0.0773387199999999,0.20406154599999993,-0.20963554999999995,0.024288297999999982,-0.006828539999999998,0.6,0.4
1405768102601327206,-0.009112239815463616,0.05392675414436217,6,0.12119916159999995,0.08325564259999997,0.03794351899999997,4.55,-0.053422484999999985,0.09861612000000002,-0.07024532833333332,0.13469717499999992,0.08297735099999995,-0.0001853066666666174,0.03678096500000001,0.004124385000000018,0.16312048166666665,0.056657878333333266,0.3333333333333333,0.6666666666666666
1414503206938039174,0.0009669777644886352,0.03899050389425548,3,0.08752342566666664,0.0046268763333333005,0.0828965493333333,4.9,-0.14805078333333332,-0.17378708666666665,-0.04687465666666663,-0.1582915066666666,-0.01279014,-0.040880256666666635,-0.046306000000000035,-0.03386097,-0.09845238999999993,-0.02340293999999993,0.6666666666666666,0.3333333333333333
1429997390383679972,-0.06170982613711793,0.03986227268433588,6,0.07762779799999998,0.0159641766666666,0.061663621333333335,5.0,-0.22199027833333332,-0.03430013499999998,-0.09410508499999999,0.019876189999999967,0.02168275999999993,-0.05438951499999994,-0.03382757499999995,0.028024620000000017,-0.06084984166666668,-0.027115586666666663,0.0,1.0
1430417055174000914,0.060057162181959625,0.07202074325894395,8,0.15975856380499998,0.10033771955499997,0.05942084424999997,4.9,-0.09384045749999996,0.1473590215,-0.10350018750000001,0.22289007499999994,0.040339563750000015,0.031873956250000036,0.07998029750000005,-0.052238072499999934,0.08538490624999999,0.05091965030000001,0.75,0.25
1434108183586713709,0.06651540941164952,0.052369417299896824,4,0.11399050724999997,0.0609924215,0.05299808574999997,4.27,-0.05300764249999998,0.13701104499999997,-0.08749807,0.023878600000000052,-0.026782127499999926,0.20343199499999995,-0.08562718999999999,-0.14044472500000002,0.10762024499999999,0.00136122750000005,1.0,0.0
1439472202376740681,-0.0103210868495543,0.06938204579039357,11,0.0963137866363636,0.04908965281818179,0.04722413381818176,4.63,-0.012677557272727258,0.08780815545454546,-0.09477564181818182,0.08602156636363632,-0.009743046363636319,-0.028977993636363563,-0.028248706363636335,-0.022351349090909082,0.03921302545454548,0.002386737272727291,0.45454545454545453,0.5454545454545454
1450136720901316807,-0.026294960498551654,0.03143775049091027,15,0.09182574419999998,0.023794948999999992,0.06803079519999997,4.79,-0.10235794933333331,-0.04081747666666665,-0.16214298533333335,0.03632410600000001,-0.003125964000000013,0.05183208066666666,-0.05898612799999999,-0.103861754,-0.020494056000000014,-0.0387283353333333,0.26666666666666666,0.7333333333333333
1454413975547667690,0.07454822615457178,0.1125590015474641,4,0.20034763085,0.15860319935000003,0.04174443149999998,3.71,0.014232753750000007,0.08239383000000002,0.0656432525,0.07109249499999998,0.09688867749999999,0.26855792250000005,0.10814310225000004,0.1292256325,0.15889175749999998,0.17351825500000004,0.75,0.25
1454418356838968327,0.06553960248306688,0.09844877180916893,6,0.13146490026666663,0.11154955359999998,0.0199153466666666,4.33,0.0031897933333333694,0.1338403934999999,0.09116094333333334,0.10416887000000002,0.08233849000000006,0.14429561166666666,0.045289453333333375,0.1197063624999999,0.09309808666666662,0.099254065,1.0,0.0
1455799924350084157,0.009092596645149598,0.08096105257450248,4,0.13948573499999997,0.034761032,0.10472470299999995,4.5,-0.13366279749999999,-0.03596623500000005,-0.22356865749999993,-0.054715062499999925,-0.026852602499999975,-0.02603215750000005,0.04884905,-0.16581890499999996,-0.015955457500000075,-0.06591388500000003,0.75,0.25
1459126168828019962,-0.0017964899812921446,0.039427667038678685,9,0.08946763544444442,0.027295061888888868,0.062172573555555534,4.75,-0.12608777555555556,-0.07017542333333335,-0.08534679000000006,-0.03792596333333331,-0.008380158888888822,0.009767142222222166,0.048590719999999976,-0.023513763333333285,-0.06768494111111106,0.01198183666666669,0.4444444444444444,0.5555555555555556
1462505515338851900,0.013236094086446723,0.03462984219254763,12,0.10537720341666663,0.030518473916666577,0.07485872949999998,4.73,-0.06544851833333334,-0.03762488250000001,-0.15285319666666672,-0.036309645,0.00017890250000000222,-0.001410769166666696,-0.02382912000000004,-0.1358886933333334,0.005154507499999991,0.004628859166666592,0.5833333333333334,0.4166666666666667
1464782804892875821,0.02910986246360588,0.036296419132300174,6,0.08797907033333328,0.02227926999999995,0.0656998003333333,4.9,-0.06358930666666669,-0.07436039999999995,-0.05523750333333335,-0.06089403833333338,-0.0107361416666667,-0.010903459999999962,-0.02051117166666662,-0.06893635666666675,-0.021105816666666718,-0.047931108333333305,0.6666666666666666,0.3333333333333333
1472122509160785254,0.01631116721900992,0.012726201059326134,5,0.11565457199999991,0.07857435299999996,0.037080218999999956,4.86,-0.047358569999999975,0.193129748,-0.04958306799999994,0.21587096599999994,0.013647082000000041,0.08220160400000004,-0.025214798000000004,-0.061481865999999954,0.06979614799999996,0.023934093999999958,1.0,0.0
1476780998285613744,-0.023162426702480834,0.030795178007639097,3,0.06981363333333326,0.026950049999999903,0.04286358333333327,5.0,-0.2007834633333333,-0.021314399999999966,0.008705813333333234,0.027659866666666633,-0.01758276333333327,-0.05124957333333333,0.012295876666666697,0.0461071433333333,0.042092459999999894,-0.005066293333333299,0.3333333333333333,0.6666666666666666
1477111453930200793,-0.0029617634419823614,0.03724732183761116,18,0.09589086549999998,0.020314812444444424,0.07557605305555554,4.79,-0.1768217738888889,-0.023511456666666652,-0.119270425,0.02952687833333329,-0.03592404444444444,-0.02064401833333329,-0.039618842222222214,-0.09755723444444439,-0.036462557777777745,-0.03232893166666662,0.4444444444444444,0.5555555555555556
1479696659954496070,0.0106475340971596,0.023884623569801942,6,0.08728917699999995,0.032068347833333295,0.05522082916666662,4.83,-0.07775446333333329,-0.012713215000000016,-0.09513401666666661,-0.0022287000000000353,-0.027522021666666646,0.014754310000000055,0.0010913249999999857,-0.1587666183333333,0.022018993333333348,0.10472959333333326,0.6666666666666666,0.3333333333333333
1481869272871304149,0.09250859931406608,0.11819878343380057,3,0.23373348493333326,0.21272956159999998,0.0210039233333333,4.14,0.20201475333333338,0.21793942666666666,0.06503859666666668,0.19138022666666674,0.13621224466666673,0.4129020333333333,0.21425355,0.09250109999999999,0.19085248466666663,0.1941619666666667,1.0,0.0
1486971933919777260,-0.01735885658908792,0.022958344497004863,5,0.11594143180000001,0.015139492399999921,0.1008019394,5.0,-0.13028684399999996,-0.21021527599999995,-0.08539314799999997,-0.16355388399999998,-0.039565211999999975,-0.098875714,-0.08057633400000001,0.08159991799999997,-0.04535231000000002,-0.08440566599999999,0.2,0.8
1498161268794053659,-0.0994167318431185,0.047198304324138074,4,0.09030215624999997,0.023970299999999924,0.06633185624999993,4.9,-0.11551833999999997,0.0038065775000000503,-0.12294932249999997,0.03807407249999999,-0.025290597499999953,0.05632277499999998,-0.07462768500000005,-0.0500446325,-0.09317835000000005,-0.04021006000000003,0.0,1.0
1528330624684718752,0.0442939635995956,0.06847392846908817,4,0.11038106749999997,0.03411949549999997,0.07626157199999996,5.0,-0.045762365,-0.1382110499999999,-0.13676442249999998,-0.09164162749999996,0.05351310749999993,0.030605302499999928,-0.017154082500000025,-0.11432671249999997,0.015725810000000028,0.022595274999999953,0.5,0.5
